timesteps,reward,best_reward
timesteps,reward,best_reward
timesteps,reward,best_reward
1000 , 230.775 , 610.0
2000 , 462.25 , 707.0
3000 , 510.6 , 730.0
4000 , 454.45 , 770.0
5000 , 519.35 , 939.0
6000 , 585.85 , 1207.0
7000 , 555.6 , 1012.0
8000 , 585.05 , 1897.0
9000 , 671.7 , 1302.0
10000 , 683.05 , 1638.0
11000 , 700.65 , 1896.0
12000 , 798.6 , 1341.0
13000 , 743.95 , 1323.0
14000 , 780.9 , 1532.0
15000 , 622.7 , 1907.0
16000 , 694.1 , 1567.0
17000 , 625.75 , 1360.0
18000 , 774.65 , 1642.0
19000 , 750.85 , 1545.0
20000 , 814.45 , 1584.0
21000 , 756.35 , 1883.0
timesteps,reward,best_reward
22000 , 763.1 , 1879.0
23000 , 914.85 , 3035.0
timesteps,reward,best_reward
24000 , 738.25 , 1664.0
25000 , 635.55 , 1338.0
26000 , 786.8 , 1421.0
27000 , 893.1 , 3030.0
28000 , 832.3 , 2363.0
29000 , 850.9 , 1838.0
30000 , 825.35 , 1422.0
31000 , 775.25 , 1574.0
32000 , 553.3 , 1344.0
33000 , 685.15 , 1696.0
34000 , 610.3 , 1417.0
35000 , 528.2 , 1044.0
36000 , 969.2 , 1683.0
37000 , 928.9 , 1855.0
38000 , 773.1 , 1851.0
39000 , 761.75 , 1677.0
40000 , 753.0 , 1687.0
41000 , 807.25 , 1874.0
42000 , 698.2 , 1671.0
43000 , 589.0 , 1925.0
44000 , 819.5 , 1545.0
45000 , 756.4 , 1915.0
46000 , 755.05 , 2334.0
47000 , 629.1 , 1320.0
48000 , 913.45 , 3033.0
49000 , 609.7 , 1422.0
50000 , 539.4 , 1434.0
51000 , 695.85 , 1346.0
52000 , 858.9 , 2329.0
53000 , 706.9 , 1558.0
54000 , 976.65 , 3036.0
55000 , 628.6 , 1584.0
56000 , 543.35 , 1698.0
57000 , 635.15 , 1417.0
58000 , 723.7 , 1566.0
59000 , 635.65 , 1339.0
60000 , 692.4 , 1573.0
61000 , 543.55 , 1325.0
62000 , 772.5 , 1345.0
63000 , 630.25 , 1351.0
64000 , 650.55 , 1429.0
65000 , 724.3 , 1410.0
66000 , 875.8 , 1700.0
67000 , 806.05 , 1436.0
68000 , 863.25 , 2318.0
69000 , 609.25 , 1692.0
70000 , 692.7 , 1580.0
71000 , 530.9 , 2352.0
72000 , 763.2 , 1575.0
73000 , 849.85 , 1888.0
74000 , 552.3 , 1047.0
75000 , 668.75 , 1428.0
76000 , 740.4 , 1349.0
77000 , 754.3 , 1571.0
78000 , 770.25 , 2335.0
79000 , 710.4 , 1687.0
80000 , 829.55 , 1860.0
81000 , 766.25 , 1413.0
82000 , 668.7 , 1671.0
83000 , 858.35 , 3038.0
84000 , 684.8 , 1348.0
85000 , 760.85 , 1434.0
86000 , 779.55 , 1693.0
87000 , 721.5 , 1694.0
88000 , 805.45 , 2353.0
89000 , 815.6 , 3029.0
90000 , 715.0 , 1915.0
91000 , 606.65 , 1689.0
92000 , 817.15 , 2355.0
93000 , 771.2 , 1576.0
94000 , 765.1 , 1347.0
95000 , 859.4 , 1702.0
96000 , 778.25 , 1840.0
97000 , 686.8 , 1581.0
98000 , 654.85 , 1324.0
99000 , 815.75 , 2646.0
100000 , 794.3 , 1695.0
101000 , 468.4 , 1046.0
102000 , 709.0 , 1578.0
103000 , 602.15 , 1323.0
104000 , 856.0 , 1909.0
105000 , 740.8 , 1428.0
106000 , 815.45 , 1710.0
107000 , 838.95 , 1854.0
108000 , 775.7 , 1424.0
109000 , 648.7 , 1429.0
110000 , 938.6 , 1864.0
111000 , 838.9 , 1695.0
112000 , 825.75 , 1434.0
113000 , 788.8 , 1853.0
114000 , 532.0 , 1348.0
115000 , 760.75 , 1918.0
116000 , 841.9 , 1433.0
117000 , 547.15 , 1416.0
118000 , 812.7 , 1703.0
119000 , 787.5 , 1928.0
120000 , 829.8 , 1334.0
121000 , 729.95 , 1355.0
122000 , 851.5 , 1863.0
123000 , 720.75 , 1347.0
124000 , 654.55 , 1340.0
125000 , 719.5 , 1331.0
126000 , 737.35 , 1408.0
127000 , 831.15 , 1576.0
128000 , 746.1 , 1583.0
129000 , 626.75 , 1684.0
130000 , 862.05 , 3041.0
131000 , 919.9 , 2636.0
132000 , 967.35 , 1846.0
133000 , 751.05 , 1698.0
134000 , 686.3 , 1682.0
135000 , 771.85 , 1682.0
136000 , 903.95 , 1922.0
137000 , 929.3 , 1902.0
138000 , 777.3 , 1424.0
139000 , 948.1 , 2340.0
140000 , 734.35 , 1577.0
141000 , 893.6 , 2344.0
142000 , 795.55 , 1433.0
143000 , 794.0 , 2361.0
144000 , 748.65 , 1891.0
145000 , 927.55 , 1429.0
146000 , 984.85 , 1691.0
147000 , 777.25 , 1351.0
148000 , 936.0 , 1580.0
149000 , 861.5 , 1691.0
150000 , 882.55 , 1694.0
151000 , 664.65 , 1695.0
152000 , 943.2 , 3036.0
153000 , 931.05 , 1576.0
154000 , 947.5 , 1688.0
155000 , 829.65 , 1924.0
156000 , 774.4 , 1356.0
157000 , 784.2 , 1907.0
158000 , 1046.35 , 1572.0
159000 , 745.5 , 1420.0
160000 , 842.45 , 1855.0
161000 , 842.25 , 1694.0
162000 , 946.6 , 1690.0
163000 , 938.15 , 1923.0
164000 , 863.05 , 1916.0
165000 , 771.05 , 1677.0
166000 , 812.35 , 1347.0
167000 , 963.65 , 2346.0
168000 , 621.35 , 1432.0
169000 , 829.85 , 1929.0
170000 , 825.15 , 1699.0
171000 , 681.55 , 2332.0
172000 , 860.5 , 1582.0
173000 , 726.2 , 1691.0
174000 , 789.8 , 1435.0
175000 , 951.4 , 2357.0
176000 , 823.3 , 1702.0
177000 , 1120.1 , 1919.0
178000 , 937.2 , 1430.0
179000 , 941.3 , 1703.0
180000 , 909.75 , 1861.0
181000 , 784.15 , 1404.0
182000 , 643.05 , 1932.0
183000 , 730.15 , 2647.0
184000 , 761.2 , 1347.0
185000 , 887.4 , 1924.0
186000 , 879.1 , 1863.0
187000 , 888.5 , 1675.0
188000 , 659.8 , 1359.0
189000 , 816.8 , 1583.0
190000 , 781.3 , 1588.0
191000 , 983.05 , 1832.0
192000 , 988.7 , 2354.0
193000 , 792.6 , 1677.0
194000 , 687.5 , 1351.0
195000 , 817.8 , 2344.0
196000 , 765.7 , 1585.0
197000 , 705.7 , 1353.0
198000 , 879.65 , 2350.0
199000 , 787.9 , 1583.0
200000 , 863.8 , 1686.0
201000 , 751.7 , 1435.0
202000 , 973.3 , 3045.0
203000 , 889.25 , 1702.0
204000 , 891.5 , 2356.0
205000 , 847.2 , 1570.0
206000 , 894.2 , 2597.0
207000 , 766.35 , 1848.0
208000 , 844.85 , 1410.0
209000 , 977.25 , 1705.0
210000 , 979.6 , 1702.0
211000 , 753.65 , 1422.0
212000 , 809.05 , 1690.0
213000 , 1082.45 , 1852.0
214000 , 938.4 , 1699.0
215000 , 858.15 , 1857.0
216000 , 769.35 , 1705.0
217000 , 871.9 , 1921.0
218000 , 821.0 , 1432.0
219000 , 782.55 , 1438.0
220000 , 891.75 , 1582.0
221000 , 843.8 , 1558.0
222000 , 972.25 , 1583.0
223000 , 899.85 , 2352.0
224000 , 855.2 , 1690.0
225000 , 792.15 , 1580.0
226000 , 821.4 , 1424.0
227000 , 1029.4 , 2336.0
228000 , 565.6 , 1576.0
229000 , 981.5 , 1692.0
230000 , 817.5 , 1694.0
231000 , 732.8 , 1588.0
232000 , 1095.65 , 2346.0
233000 , 871.1 , 1861.0
234000 , 911.8 , 1581.0
235000 , 854.15 , 1693.0
236000 , 1068.3 , 2343.0
237000 , 1009.5 , 1583.0
238000 , 763.2 , 1569.0
239000 , 900.9 , 1921.0
240000 , 902.05 , 1920.0
241000 , 760.1 , 2347.0
242000 , 867.1 , 1344.0
243000 , 1125.35 , 1927.0
244000 , 1006.0 , 2364.0
245000 , 860.8 , 1583.0
246000 , 744.7 , 3045.0
247000 , 822.65 , 1345.0
248000 , 947.55 , 1838.0
249000 , 844.3 , 1860.0
250000 , 826.1 , 1914.0
251000 , 749.8 , 1703.0
252000 , 836.25 , 1847.0
253000 , 751.4 , 1434.0
254000 , 889.85 , 1585.0
255000 , 988.2 , 1583.0
256000 , 992.7 , 1707.0
257000 , 948.15 , 1586.0
258000 , 969.45 , 1868.0
259000 , 856.8 , 2634.0
260000 , 1010.5 , 2652.0
261000 , 836.8 , 1581.0
262000 , 901.7 , 1862.0
263000 , 917.75 , 1580.0
264000 , 993.65 , 2343.0
265000 , 871.0 , 1859.0
266000 , 786.45 , 1583.0
267000 , 920.0 , 2351.0
268000 , 987.8 , 1709.0
269000 , 1084.85 , 1932.0
270000 , 1042.55 , 3039.0
271000 , 854.05 , 2361.0
272000 , 1111.85 , 2350.0
273000 , 1112.0 , 2363.0
274000 , 1052.95 , 1699.0
275000 , 889.75 , 1867.0
276000 , 898.55 , 1706.0
277000 , 1027.55 , 2355.0
278000 , 869.1 , 1428.0
279000 , 1157.0 , 3036.0
280000 , 984.45 , 1861.0
281000 , 805.35 , 1928.0
282000 , 936.9 , 2368.0
283000 , 1073.05 , 3035.0
284000 , 973.3 , 2354.0
285000 , 931.25 , 3035.0
286000 , 1072.7 , 1930.0
287000 , 929.1 , 1858.0
288000 , 1075.2 , 1857.0
289000 , 1143.0 , 2367.0
290000 , 1086.2 , 1699.0
291000 , 1045.55 , 1694.0
292000 , 920.55 , 1711.0
293000 , 1315.5 , 2361.0
294000 , 1256.2 , 2630.0
295000 , 1234.0 , 2355.0
296000 , 1100.6 , 2350.0
297000 , 1280.7 , 1929.0
298000 , 1224.0 , 1909.0
299000 , 1014.7 , 1703.0
300000 , 1025.1 , 1929.0
301000 , 1317.6 , 3044.0
302000 , 953.45 , 1925.0
303000 , 1088.2 , 1709.0
304000 , 883.45 , 1707.0
305000 , 905.0 , 1705.0
306000 , 1129.55 , 3041.0
307000 , 1094.9 , 1932.0
308000 , 1016.15 , 1858.0
309000 , 1100.55 , 2642.0
310000 , 1040.6 , 1929.0
311000 , 849.6 , 1868.0
312000 , 1298.8 , 3046.0
313000 , 1272.8 , 3036.0
314000 , 1153.5 , 2361.0
315000 , 1388.4 , 3044.0
316000 , 1106.1 , 2353.0
317000 , 1132.5 , 2359.0
318000 , 1037.15 , 1700.0
319000 , 1379.0 , 2360.0
320000 , 1007.1 , 2636.0
321000 , 1122.65 , 2352.0
322000 , 1309.15 , 1868.0
323000 , 1194.95 , 2358.0
324000 , 1249.15 , 2361.0
325000 , 1067.2 , 1703.0
326000 , 1134.95 , 1864.0
327000 , 1111.35 , 2365.0
328000 , 1131.6 , 1916.0
329000 , 856.1 , 1703.0
330000 , 1197.25 , 1867.0
331000 , 1149.15 , 2350.0
332000 , 1375.35 , 2355.0
333000 , 1060.35 , 1847.0
334000 , 1328.35 , 3041.0
335000 , 1371.9 , 3031.0
336000 , 1460.35 , 3040.0
337000 , 1606.25 , 2346.0
338000 , 1341.6 , 2358.0
339000 , 1407.35 , 3051.0
340000 , 1348.7 , 3053.0
341000 , 1327.4 , 1909.0
342000 , 1369.3 , 2363.0
343000 , 1424.3 , 3041.0
344000 , 1185.8 , 2352.0
345000 , 1331.35 , 2634.0
346000 , 1427.85 , 3059.0
347000 , 1318.7 , 3029.0
348000 , 1460.5 , 2368.0
349000 , 1286.45 , 3033.0
350000 , 1206.6 , 1860.0
351000 , 1423.45 , 3041.0
352000 , 1442.7 , 1925.0
353000 , 1025.45 , 1925.0
354000 , 1052.8 , 1921.0
355000 , 1248.25 , 1861.0
356000 , 988.5 , 1857.0
357000 , 832.35 , 1695.0
358000 , 1031.95 , 1867.0
359000 , 1199.25 , 1866.0
360000 , 1127.55 , 2353.0
361000 , 1175.0 , 1933.0
362000 , 1332.7 , 2350.0
363000 , 1161.5 , 2367.0
364000 , 1113.95 , 1856.0
365000 , 1322.95 , 2632.0
366000 , 1241.75 , 3034.0
367000 , 1257.65 , 2612.0
368000 , 1277.0 , 2322.0
369000 , 1456.4 , 3039.0
370000 , 1474.95 , 3048.0
371000 , 1247.85 , 2361.0
372000 , 1196.7 , 2338.0
373000 , 1086.45 , 1865.0
374000 , 1337.05 , 2356.0
375000 , 1405.3 , 1932.0
376000 , 1282.25 , 2369.0
377000 , 1369.3 , 3045.0
378000 , 1093.6 , 1710.0
379000 , 1309.45 , 1925.0
380000 , 1355.3 , 2358.0
381000 , 1237.5 , 1864.0
382000 , 1459.25 , 2358.0
383000 , 1534.05 , 3052.0
384000 , 1206.45 , 3041.0
385000 , 1224.55 , 2633.0
386000 , 1281.25 , 3038.0
387000 , 1453.0 , 3042.0
388000 , 1258.75 , 2366.0
389000 , 1319.4 , 1929.0
390000 , 1223.05 , 3045.0
391000 , 1219.1 , 2604.0
392000 , 1295.45 , 3050.0
393000 , 1219.7 , 1860.0
394000 , 1064.7 , 1693.0
395000 , 1225.15 , 1867.0
396000 , 1317.0 , 3040.0
397000 , 1176.15 , 2370.0
398000 , 1012.4 , 1952.0
399000 , 1208.45 , 2369.0
400000 , 839.6 , 1869.0
401000 , 1086.25 , 3042.0
402000 , 810.55 , 1704.0
403000 , 1121.6 , 2359.0
404000 , 1516.3 , 3048.0
405000 , 1163.9 , 2359.0
406000 , 1079.45 , 1862.0
407000 , 1532.55 , 2640.0
408000 , 1312.45 , 3037.0
409000 , 1201.4 , 3026.0
410000 , 973.7 , 2636.0
411000 , 1089.7 , 2350.0
412000 , 1217.45 , 3033.0
413000 , 1156.85 , 1933.0
414000 , 1256.1 , 2361.0
415000 , 1591.6 , 2645.0
416000 , 1148.0 , 3023.0
417000 , 1185.85 , 1925.0
418000 , 1268.2 , 2374.0
419000 , 1299.0 , 3060.0
420000 , 1424.45 , 3039.0
421000 , 1120.95 , 3026.0
422000 , 1274.05 , 3037.0
423000 , 1039.05 , 1931.0
424000 , 1252.2 , 3036.0
425000 , 1087.3 , 1930.0
426000 , 1071.5 , 3036.0
427000 , 1041.3 , 1926.0
428000 , 898.85 , 2359.0
429000 , 1405.3 , 2637.0
430000 , 1409.8 , 3048.0
431000 , 1303.3 , 3003.0
432000 , 1149.85 , 3045.0
433000 , 1316.7 , 3042.0
434000 , 1233.15 , 2641.0
435000 , 1182.75 , 2342.0
436000 , 1163.5 , 2643.0
437000 , 1341.05 , 2364.0
438000 , 1237.2 , 3052.0
439000 , 1240.35 , 3043.0
440000 , 1019.85 , 2365.0
441000 , 1075.4 , 2334.0
442000 , 916.5 , 2371.0
443000 , 982.05 , 2658.0
444000 , 813.9 , 1863.0
445000 , 1086.25 , 2645.0
446000 , 1127.35 , 2642.0
447000 , 1117.75 , 1927.0
448000 , 1340.3 , 3049.0
449000 , 1255.85 , 2353.0
450000 , 1215.65 , 2354.0
451000 , 1485.8 , 2637.0
452000 , 1364.25 , 2368.0
453000 , 1234.7 , 2360.0
454000 , 1049.65 , 2361.0
455000 , 1181.65 , 1927.0
456000 , 1175.35 , 1932.0
457000 , 1370.7 , 3042.0
458000 , 1208.85 , 3028.0
459000 , 1480.4 , 2632.0
460000 , 1334.75 , 2622.0
461000 , 1245.9 , 1866.0
462000 , 1245.5 , 2358.0
463000 , 1354.5 , 2364.0
464000 , 1403.6 , 3045.0
465000 , 1339.9 , 3055.0
466000 , 1278.5 , 2350.0
467000 , 1432.1 , 3048.0
468000 , 1572.5 , 3038.0
469000 , 1618.85 , 3046.0
470000 , 1379.15 , 2636.0
471000 , 1167.7 , 2635.0
472000 , 1236.95 , 2616.0
473000 , 1560.15 , 3041.0
474000 , 1447.3 , 3048.0
475000 , 1294.5 , 3038.0
476000 , 1843.3 , 3057.0
477000 , 1489.3 , 3040.0
478000 , 1532.5 , 2650.0
479000 , 1388.65 , 2647.0
480000 , 1576.4 , 3053.0
481000 , 1525.35 , 2646.0
482000 , 1656.25 , 3063.0
483000 , 1779.25 , 3059.0
484000 , 1781.9 , 3051.0
485000 , 1509.7 , 3043.0
486000 , 1389.65 , 3045.0
487000 , 1736.9 , 3046.0
488000 , 1753.1 , 3029.0
489000 , 1736.25 , 3043.0
490000 , 1498.4 , 2365.0
491000 , 1551.0 , 2367.0
492000 , 1531.5 , 2367.0
493000 , 1488.4 , 3054.0
494000 , 1780.95 , 3050.0
495000 , 1349.6 , 3041.0
496000 , 1225.2 , 3044.0
497000 , 1369.25 , 2617.0
498000 , 1596.7 , 3051.0
499000 , 1444.4 , 2632.0
500000 , 1635.05 , 3041.0
501000 , 1377.75 , 1904.0
502000 , 1334.55 , 3049.0
503000 , 1585.35 , 3059.0
504000 , 1458.55 , 3037.0
505000 , 1201.95 , 2348.0
506000 , 1412.15 , 2652.0
507000 , 1483.85 , 3043.0
508000 , 1447.75 , 3048.0
509000 , 1334.2 , 3029.0
510000 , 1827.65 , 3048.0
511000 , 1210.3 , 1871.0
512000 , 1466.3 , 3038.0
513000 , 1437.5 , 2369.0
514000 , 1324.7 , 2638.0
515000 , 1640.05 , 3050.0
516000 , 1575.4 , 2641.0
517000 , 1685.65 , 2634.0
518000 , 1461.35 , 2641.0
519000 , 1548.15 , 3040.0
520000 , 1632.15 , 3060.0
521000 , 1296.3 , 2366.0
522000 , 1278.1 , 2359.0
523000 , 1073.0 , 3056.0
524000 , 1254.25 , 2616.0
525000 , 1553.4 , 3049.0
526000 , 1323.75 , 3050.0
527000 , 1656.9 , 3049.0
528000 , 1307.15 , 2639.0
529000 , 1395.4 , 2378.0
530000 , 1402.3 , 2368.0
531000 , 1619.95 , 3043.0
532000 , 1343.5 , 2629.0
533000 , 1227.55 , 2631.0
534000 , 1382.5 , 2366.0
535000 , 1430.5 , 3047.0
536000 , 1363.2 , 3047.0
537000 , 1689.8 , 3049.0
538000 , 1474.75 , 2652.0
539000 , 1092.95 , 2371.0
540000 , 1204.0 , 2646.0
541000 , 1407.05 , 3047.0
542000 , 1549.2 , 3042.0
543000 , 1395.0 , 3036.0
544000 , 1505.35 , 2367.0
545000 , 1521.8 , 2645.0
546000 , 1694.65 , 2368.0
547000 , 1606.5 , 3045.0
548000 , 1477.9 , 2640.0
549000 , 1617.5 , 2645.0
550000 , 1779.15 , 3055.0
551000 , 1429.25 , 2361.0
552000 , 1470.0 , 2354.0
553000 , 1539.7 , 3049.0
554000 , 1515.7 , 3043.0
555000 , 1657.45 , 2368.0
556000 , 1588.7 , 2375.0
557000 , 1590.3 , 3055.0
558000 , 1470.3 , 2614.0
559000 , 1753.5 , 2369.0
560000 , 1367.75 , 3052.0
561000 , 1668.95 , 3035.0
562000 , 1547.1 , 3047.0
563000 , 1580.65 , 2656.0
564000 , 1709.15 , 2366.0
565000 , 1312.9 , 3039.0
566000 , 1691.3 , 2648.0
567000 , 1667.4 , 2368.0
568000 , 1469.05 , 2367.0
569000 , 1685.2 , 2369.0
570000 , 1686.5 , 2647.0
571000 , 1897.05 , 3050.0
572000 , 1713.9 , 3044.0
573000 , 1906.25 , 2615.0
574000 , 1477.0 , 3044.0
575000 , 1536.9 , 3045.0
576000 , 2031.15 , 3037.0
577000 , 1390.35 , 2646.0
578000 , 1568.25 , 2363.0
579000 , 1380.1 , 2368.0
580000 , 1084.7 , 1925.0
581000 , 1500.4 , 3040.0
582000 , 1408.95 , 3031.0
583000 , 1666.65 , 3062.0
584000 , 2027.15 , 3058.0
585000 , 1529.35 , 3042.0
586000 , 1679.25 , 3046.0
587000 , 1561.65 , 2631.0
588000 , 1688.05 , 3056.0
589000 , 913.7 , 2632.0
590000 , 1691.75 , 3046.0
591000 , 1452.15 , 3043.0
592000 , 1507.1 , 2983.0
593000 , 1710.0 , 2643.0
594000 , 1695.35 , 3050.0
595000 , 1689.4 , 3047.0
596000 , 1632.6 , 2634.0
597000 , 1530.2 , 3049.0
598000 , 1892.45 , 3056.0
599000 , 1555.0 , 2642.0
600000 , 1425.35 , 2353.0
601000 , 1720.05 , 2370.0
602000 , 1580.05 , 3040.0
603000 , 1644.0 , 2371.0
604000 , 1837.15 , 2372.0
605000 , 1592.7 , 2373.0
606000 , 1820.35 , 3056.0
607000 , 1696.0 , 3054.0
608000 , 1823.55 , 3059.0
609000 , 1798.95 , 3054.0
610000 , 1862.35 , 3045.0
611000 , 1688.7 , 3041.0
612000 , 1924.4 , 3051.0
613000 , 2109.25 , 3057.0
614000 , 1786.6 , 3043.0
615000 , 1837.65 , 3046.0
616000 , 1931.4 , 3067.0
617000 , 1994.5 , 3051.0
618000 , 1919.25 , 3058.0
619000 , 1976.95 , 3046.0
620000 , 1745.45 , 3061.0
621000 , 1859.25 , 3054.0
622000 , 1549.35 , 2361.0
623000 , 1704.85 , 3053.0
624000 , 1696.75 , 3043.0
625000 , 1696.45 , 3041.0
626000 , 1888.35 , 3044.0
627000 , 1378.8 , 3063.0
628000 , 1159.7 , 3046.0
629000 , 1639.35 , 3059.0
630000 , 1620.1 , 3021.0
631000 , 1379.5 , 3050.0
632000 , 1550.65 , 3056.0
633000 , 1357.4 , 2625.0
634000 , 1692.15 , 2370.0
635000 , 1872.25 , 3048.0
636000 , 1434.65 , 3066.0
637000 , 1150.65 , 3011.0
638000 , 2117.0 , 3055.0
639000 , 1743.0 , 3052.0
640000 , 1836.95 , 2646.0
641000 , 2085.5 , 3059.0
642000 , 1559.7 , 2630.0
643000 , 1897.25 , 3053.0
644000 , 1788.8 , 2623.0
645000 , 1978.15 , 3038.0
646000 , 1692.9 , 3048.0
647000 , 1404.25 , 2653.0
648000 , 1600.75 , 3050.0
649000 , 1511.2 , 3049.0
650000 , 1896.9 , 3043.0
651000 , 2117.55 , 3058.0
652000 , 1641.1 , 3032.0
653000 , 1940.0 , 3059.0
654000 , 1998.55 , 3047.0
655000 , 1829.55 , 3056.0
656000 , 1651.55 , 3055.0
657000 , 1555.65 , 3041.0
658000 , 1652.8 , 3045.0
659000 , 1341.1 , 3040.0
660000 , 1455.65 , 3039.0
661000 , 1460.75 , 3049.0
662000 , 1473.5 , 3048.0
663000 , 1661.75 , 3056.0
664000 , 1659.8 , 1936.0
665000 , 1706.95 , 3040.0
666000 , 1571.45 , 3048.0
667000 , 1694.25 , 3036.0
668000 , 1665.9 , 3041.0
669000 , 1560.15 , 2641.0
670000 , 1567.6 , 2642.0
671000 , 1679.8 , 2634.0
672000 , 1669.65 , 3058.0
673000 , 1570.4 , 2351.0
674000 , 1713.55 , 3055.0
675000 , 1532.2 , 3059.0
676000 , 1781.9 , 3051.0
677000 , 1623.1 , 3032.0
678000 , 1944.85 , 3052.0
679000 , 1757.9 , 3051.0
680000 , 1333.45 , 3057.0
681000 , 1538.45 , 3055.0
682000 , 1524.3 , 3047.0
683000 , 1757.65 , 3051.0
684000 , 1356.1 , 3060.0
685000 , 1837.7 , 3054.0
686000 , 1776.95 , 3061.0
687000 , 1704.4 , 2645.0
688000 , 2145.65 , 3060.0
689000 , 1918.55 , 3049.0
690000 , 1600.9 , 3051.0
691000 , 1631.1 , 3051.0
692000 , 1698.45 , 3053.0
693000 , 1671.1 , 3044.0
694000 , 1421.6 , 3056.0
695000 , 2181.05 , 3048.0
696000 , 1560.75 , 3058.0
697000 , 1383.85 , 3042.0
698000 , 1484.45 , 3052.0
699000 , 1489.4 , 3057.0
700000 , 1384.75 , 2368.0
701000 , 1578.45 , 3038.0
702000 , 2153.4 , 3064.0
703000 , 1824.15 , 3054.0
704000 , 1749.75 , 3050.0
705000 , 1517.7 , 3050.0
706000 , 1704.8 , 2624.0
707000 , 1496.45 , 3054.0
708000 , 1233.2 , 3037.0
709000 , 1201.9 , 3037.0
710000 , 1527.95 , 3065.0
711000 , 1640.15 , 3049.0
712000 , 1781.5 , 3054.0
713000 , 1335.3 , 2658.0
714000 , 1178.9 , 2605.0
715000 , 1232.85 , 3052.0
716000 , 1469.65 , 3053.0
717000 , 1842.75 , 3044.0
718000 , 1237.7 , 2661.0
719000 , 1972.75 , 3055.0
720000 , 1114.8 , 2354.0
721000 , 1560.9 , 3054.0
722000 , 1372.85 , 3046.0
723000 , 1072.4 , 3041.0
724000 , 1455.1 , 3025.0
725000 , 1573.2 , 3051.0
726000 , 1631.45 , 2639.0
727000 , 1425.75 , 3040.0
728000 , 1442.85 , 3038.0
729000 , 1361.1 , 3049.0
730000 , 1575.55 , 3058.0
731000 , 1842.05 , 3043.0
732000 , 1632.45 , 3052.0
733000 , 1813.9 , 3047.0
734000 , 1555.2 , 3043.0
735000 , 1197.35 , 3037.0
736000 , 1431.9 , 3035.0
737000 , 1729.0 , 3037.0
738000 , 2030.2 , 3044.0
739000 , 1382.0 , 3053.0
740000 , 1908.15 , 3024.0
741000 , 1200.7 , 3038.0
742000 , 1826.7 , 3056.0
743000 , 1717.7 , 3034.0
744000 , 1659.0 , 3048.0
745000 , 1887.05 , 3055.0
746000 , 1753.6 , 3048.0
747000 , 2127.9 , 3054.0
748000 , 1807.2 , 3054.0
749000 , 1638.3 , 3053.0
750000 , 1647.55 , 3023.0
751000 , 1191.65 , 2367.0
752000 , 1322.65 , 2620.0
753000 , 1511.65 , 3047.0
754000 , 1784.0 , 3049.0
755000 , 1724.2 , 3037.0
756000 , 1774.65 , 3043.0
757000 , 1455.85 , 3050.0
758000 , 955.2 , 1869.0
759000 , 1778.3 , 3055.0
760000 , 1432.6 , 2654.0
761000 , 1456.35 , 2364.0
762000 , 1480.45 , 3041.0
763000 , 1044.0 , 3024.0
764000 , 1659.85 , 2645.0
765000 , 1560.55 , 3059.0
766000 , 1706.7 , 3046.0
767000 , 1596.9 , 3041.0
768000 , 1745.4 , 3054.0
769000 , 1574.45 , 3058.0
770000 , 1372.05 , 3035.0
771000 , 1630.1 , 3065.0
772000 , 1506.95 , 3059.0
773000 , 1632.8 , 3046.0
774000 , 1556.8 , 3048.0
775000 , 1558.35 , 2569.0
776000 , 1391.35 , 3049.0
777000 , 1524.85 , 3055.0
778000 , 1510.5 , 3058.0
779000 , 1684.4 , 3044.0
780000 , 1489.1 , 3060.0
781000 , 1941.0 , 3064.0
782000 , 1781.25 , 3060.0
783000 , 1659.45 , 3058.0
784000 , 1710.4 , 3065.0
785000 , 1757.45 , 3022.0
786000 , 1727.35 , 3066.0
787000 , 1528.0 , 2649.0
788000 , 1544.25 , 3051.0
789000 , 1750.35 , 3054.0
790000 , 1417.25 , 3057.0
791000 , 1787.6 , 3044.0
timesteps,reward,best_reward
792000 , 1533.9 , 3055.0
1000 , 393.275 , 586.0
793000 , 1607.15 , 2637.0
794000 , 1896.25 , 3054.0
795000 , 1398.7 , 3056.0
796000 , 1635.0 , 3039.0
timesteps,reward,best_reward
797000 , 1458.7 , 3056.0
798000 , 996.5 , 2639.0
799000 , 1366.85 , 3061.0
800000 , 1885.25 , 3057.0
801000 , 1633.8 , 3044.0
802000 , 1434.35 , 3044.0
803000 , 2084.3 , 3059.0
804000 , 1536.3 , 2645.0
805000 , 1674.7 , 3037.0
806000 , 1536.1 , 3055.0
807000 , 1426.25 , 3040.0
808000 , 1420.55 , 3041.0
809000 , 1884.15 , 3040.0
810000 , 1892.6 , 3044.0
811000 , 1583.4 , 3027.0
812000 , 1726.1 , 3042.0
813000 , 1711.0 , 3063.0
814000 , 1854.55 , 3061.0
815000 , 1709.35 , 3049.0
816000 , 1893.6 , 3049.0
817000 , 1809.05 , 3044.0
818000 , 1546.65 , 3044.0
819000 , 1699.25 , 2370.0
820000 , 1874.35 , 3059.0
821000 , 1602.55 , 3043.0
822000 , 1967.7 , 3051.0
823000 , 1764.75 , 3045.0
824000 , 1454.3 , 2651.0
825000 , 1788.65 , 3052.0
826000 , 1530.55 , 3054.0
827000 , 1709.75 , 2646.0
828000 , 1644.55 , 3043.0
829000 , 1979.7 , 3054.0
830000 , 1514.15 , 3030.0
831000 , 1736.2 , 3037.0
832000 , 1827.95 , 3052.0
833000 , 1750.4 , 3055.0
834000 , 1793.55 , 3057.0
835000 , 1684.6 , 3048.0
836000 , 1707.05 , 3064.0
837000 , 1757.3 , 3048.0
838000 , 1684.55 , 3044.0
839000 , 1884.7 , 3050.0
840000 , 2137.85 , 3063.0
841000 , 2232.4 , 3057.0
842000 , 1636.25 , 3022.0
843000 , 1245.8 , 3061.0
844000 , 1265.4 , 2362.0
845000 , 1523.1 , 2360.0
846000 , 1806.35 , 3052.0
847000 , 1851.05 , 3055.0
848000 , 1844.1 , 3033.0
849000 , 1753.65 , 3052.0
850000 , 1427.0 , 3053.0
851000 , 1359.9 , 2353.0
852000 , 1580.25 , 3059.0
853000 , 1768.0 , 3047.0
854000 , 1570.35 , 3037.0
855000 , 1734.95 , 3047.0
856000 , 1546.05 , 3058.0
857000 , 1959.4 , 3057.0
858000 , 1628.4 , 3053.0
859000 , 2127.7 , 3053.0
860000 , 1456.0 , 3052.0
861000 , 1419.9 , 3053.0
862000 , 1267.6 , 3047.0
863000 , 1665.05 , 3049.0
864000 , 1491.5 , 3066.0
865000 , 1519.6 , 3043.0
866000 , 1433.3 , 3041.0
867000 , 1342.8 , 3057.0
868000 , 1784.3 , 3055.0
869000 , 1783.0 , 3055.0
870000 , 1803.35 , 3056.0
871000 , 1205.2 , 3007.0
872000 , 1781.3 , 3053.0
873000 , 1483.1 , 3060.0
874000 , 2045.1 , 3062.0
875000 , 1834.5 , 3051.0
876000 , 1326.65 , 3039.0
877000 , 2142.75 , 3059.0
878000 , 1978.1 , 3058.0
879000 , 1593.8 , 3068.0
880000 , 1574.45 , 3050.0
881000 , 1725.95 , 3045.0
882000 , 2139.65 , 3058.0
883000 , 2192.35 , 3054.0
884000 , 1985.5 , 3057.0
885000 , 1803.85 , 3061.0
886000 , 1927.7 , 3052.0
887000 , 1933.95 , 3056.0
888000 , 2155.65 , 3050.0
889000 , 2081.55 , 3056.0
890000 , 1770.35 , 3066.0
891000 , 1710.2 , 3050.0
892000 , 1381.2 , 3055.0
893000 , 1806.6 , 2635.0
894000 , 1955.7 , 3048.0
895000 , 2015.7 , 3052.0
896000 , 2075.9 , 3050.0
897000 , 1425.6 , 2649.0
898000 , 1630.85 , 3048.0
899000 , 2053.7 , 3052.0
900000 , 1576.0 , 3055.0
901000 , 1586.35 , 3050.0
902000 , 1651.8 , 3053.0
903000 , 1481.1 , 3045.0
904000 , 1793.0 , 3061.0
905000 , 1615.3 , 3054.0
906000 , 1487.3 , 3050.0
907000 , 1622.9 , 3054.0
908000 , 1908.3 , 3054.0
909000 , 1824.1 , 3056.0
910000 , 1655.6 , 3055.0
911000 , 1579.85 , 3059.0
912000 , 1702.95 , 3060.0
913000 , 1703.4 , 3062.0
914000 , 1942.55 , 3061.0
915000 , 1681.15 , 3066.0
916000 , 1358.7 , 3060.0
917000 , 1187.0 , 2589.0
918000 , 1581.8 , 3042.0
919000 , 1288.55 , 3051.0
920000 , 1264.15 , 3045.0
921000 , 1478.3 , 3059.0
922000 , 1312.0 , 3050.0
923000 , 1357.0 , 3049.0
924000 , 995.15 , 3051.0
925000 , 1655.65 , 3051.0
926000 , 1364.65 , 2974.0
927000 , 1901.35 , 3051.0
928000 , 1747.95 , 3058.0
929000 , 1824.35 , 3051.0
930000 , 1911.65 , 3056.0
931000 , 1887.8 , 3053.0
932000 , 1744.8 , 3055.0
933000 , 2314.85 , 3067.0
934000 , 1806.1 , 3053.0
935000 , 1745.25 , 3055.0
936000 , 2009.95 , 3062.0
937000 , 1877.75 , 3062.0
938000 , 1514.8 , 3066.0
939000 , 1886.65 , 3064.0
940000 , 1321.2 , 3065.0
941000 , 1501.05 , 3048.0
942000 , 1562.7 , 3051.0
943000 , 1660.25 , 3064.0
944000 , 1565.15 , 3059.0
945000 , 1796.1 , 3054.0
946000 , 1758.6 , 3060.0
947000 , 1313.85 , 3056.0
948000 , 1703.5 , 3048.0
949000 , 1809.05 , 3058.0
950000 , 1728.85 , 3056.0
951000 , 1808.6 , 3043.0
952000 , 1915.0 , 3055.0
953000 , 1415.7 , 3063.0
954000 , 1445.9 , 3038.0
955000 , 2013.9 , 3062.0
956000 , 2042.55 , 3060.0
957000 , 1708.4 , 3055.0
958000 , 1821.9 , 3057.0
959000 , 1943.55 , 3064.0
960000 , 1669.35 , 3060.0
961000 , 1600.65 , 3054.0
962000 , 1872.85 , 3065.0
963000 , 1717.2 , 3062.0
964000 , 1728.15 , 3055.0
965000 , 1685.65 , 3057.0
966000 , 1352.4 , 3059.0
967000 , 1753.0 , 3045.0
968000 , 1622.8 , 3038.0
969000 , 1569.05 , 3055.0
970000 , 2077.5 , 3065.0
971000 , 1110.75 , 3063.0
972000 , 1475.15 , 3059.0
973000 , 1706.6 , 3058.0
974000 , 1950.4 , 3060.0
975000 , 1590.35 , 3048.0
976000 , 1307.6 , 3051.0
977000 , 1130.15 , 3060.0
978000 , 1200.05 , 2366.0
979000 , 1830.65 , 3056.0
980000 , 1676.3 , 3054.0
981000 , 1524.15 , 3056.0
982000 , 1750.35 , 3059.0
983000 , 1292.55 , 3051.0
984000 , 1356.95 , 3058.0
985000 , 1192.7 , 3050.0
986000 , 1205.05 , 3066.0
987000 , 1732.85 , 3044.0
988000 , 1230.75 , 3057.0
989000 , 1466.35 , 2643.0
990000 , 1552.8 , 3051.0
991000 , 1657.85 , 3044.0
992000 , 1539.0 , 3058.0
993000 , 1437.45 , 2658.0
994000 , 1227.6 , 3051.0
995000 , 1415.75 , 3054.0
996000 , 1695.15 , 3062.0
997000 , 1583.6 , 3041.0
998000 , 1799.5 , 3056.0
999000 , 1579.85 , 3053.0
1000000 , 1310.65 , 3055.0
1001000 , 1891.6 , 3047.0
1002000 , 1632.1 , 3054.0
1003000 , 1855.25 , 3055.0
1004000 , 1529.15 , 3054.0
1005000 , 1436.25 , 3051.0
1006000 , 1465.45 , 3056.0
1007000 , 1455.85 , 3055.0
1008000 , 1370.9 , 3050.0
1009000 , 1571.6 , 3053.0
1010000 , 1248.85 , 3062.0
1011000 , 1235.9 , 2640.0
1012000 , 1481.45 , 2371.0
1013000 , 1064.6 , 2656.0
1014000 , 1571.85 , 3049.0
1015000 , 1616.75 , 3062.0
1016000 , 1975.7 , 3046.0
1017000 , 1612.35 , 3052.0
1018000 , 2027.3 , 3030.0
1019000 , 1741.3 , 3054.0
1020000 , 2007.8 , 3058.0
1021000 , 1259.55 , 3057.0
1022000 , 1490.0 , 3065.0
1023000 , 1859.0 , 3058.0
1024000 , 1851.25 , 3069.0
1025000 , 1794.65 , 3057.0
1026000 , 1805.1 , 3045.0
1027000 , 1732.85 , 3063.0
1028000 , 2037.4 , 3041.0
1029000 , 1732.9 , 3063.0
1030000 , 1661.05 , 2657.0
1031000 , 1443.4 , 3053.0
1032000 , 1704.65 , 3061.0
1033000 , 1782.95 , 3059.0
1034000 , 1672.05 , 3051.0
1035000 , 2181.9 , 3060.0
1036000 , 1820.6 , 3063.0
1037000 , 2094.65 , 3053.0
1038000 , 1631.1 , 3042.0
1039000 , 1712.8 , 3051.0
1040000 , 1816.55 , 3052.0
1041000 , 1612.8 , 3055.0
1042000 , 1982.7 , 3058.0
1043000 , 1646.15 , 3057.0
1044000 , 1818.45 , 3057.0
1045000 , 1858.95 , 3052.0
1046000 , 1728.55 , 3056.0
1047000 , 2071.35 , 3049.0
1048000 , 1424.0 , 2359.0
1049000 , 1623.15 , 3054.0
1050000 , 1489.1 , 3046.0
1051000 , 1932.3 , 3054.0
1052000 , 1914.05 , 3051.0
1053000 , 1910.8 , 3058.0
1054000 , 1877.05 , 3053.0
1055000 , 2119.2 , 3055.0
1056000 , 1268.2 , 3061.0
1057000 , 1143.7 , 1928.0
1058000 , 1738.55 , 3047.0
1059000 , 1284.4 , 3043.0
1060000 , 1862.0 , 3054.0
1061000 , 1876.9 , 3065.0
1062000 , 1772.25 , 2652.0
1063000 , 1547.4 , 3056.0
1064000 , 1443.7 , 2656.0
1065000 , 1242.85 , 3047.0
1066000 , 1119.4 , 3038.0
1067000 , 1524.4 , 3042.0
1068000 , 1594.5 , 3048.0
1069000 , 1392.5 , 3045.0
1070000 , 1614.45 , 3058.0
1071000 , 1467.45 , 3054.0
1072000 , 1715.65 , 3052.0
1073000 , 2019.15 , 3055.0
1074000 , 1733.55 , 3054.0
1075000 , 1583.0 , 3064.0
1076000 , 1455.05 , 3058.0
1077000 , 1679.45 , 3052.0
1078000 , 1764.3 , 3039.0
1079000 , 2111.9 , 3055.0
1080000 , 1597.1 , 3059.0
1081000 , 1893.6 , 2654.0
1082000 , 1775.45 , 3054.0
1083000 , 1491.0 , 3047.0
1084000 , 1505.35 , 3056.0
1085000 , 1644.15 , 3047.0
1086000 , 1688.6 , 3042.0
1087000 , 1798.4 , 3058.0
1088000 , 1659.3 , 3053.0
1089000 , 1570.3 , 2366.0
1090000 , 1819.2 , 3059.0
1091000 , 1713.4 , 2645.0
1092000 , 1427.85 , 3056.0
1093000 , 1482.65 , 3047.0
1094000 , 1732.85 , 3048.0
1095000 , 1649.7 , 3050.0
1096000 , 1655.8 , 2644.0
1097000 , 2143.2 , 3059.0
1098000 , 1459.65 , 2619.0
1099000 , 1609.95 , 3065.0
1100000 , 1233.95 , 2643.0
1101000 , 1568.05 , 3053.0
1102000 , 1451.75 , 3052.0
1103000 , 1706.2 , 3045.0
1104000 , 1168.5 , 2654.0
1105000 , 1867.35 , 3050.0
1106000 , 2256.6 , 3064.0
1107000 , 2135.85 , 3056.0
1108000 , 2009.8 , 3059.0
1109000 , 1986.2 , 3059.0
1110000 , 1969.35 , 3059.0
1111000 , 2128.35 , 3050.0
1112000 , 2084.15 , 3063.0
1113000 , 1710.3 , 3059.0
1114000 , 2128.45 , 3052.0
1115000 , 1336.3 , 3050.0
1116000 , 1927.85 , 3059.0
1117000 , 1936.9 , 3059.0
1118000 , 1743.4 , 3064.0
1119000 , 1985.1 , 3052.0
1120000 , 1796.15 , 3038.0
1121000 , 1853.3 , 3057.0
1122000 , 1663.5 , 3049.0
1123000 , 1760.2 , 3049.0
1124000 , 2003.6 , 3063.0
1125000 , 2087.5 , 3068.0
1126000 , 2041.25 , 3066.0
1127000 , 2185.65 , 3055.0
1128000 , 1830.35 , 3066.0
1129000 , 2215.8 , 3061.0
1130000 , 2015.6 , 3061.0
1131000 , 1626.55 , 3058.0
1132000 , 2152.2 , 3050.0
1133000 , 1821.0 , 3050.0
1134000 , 2324.1 , 3061.0
1135000 , 1969.0 , 3054.0
1136000 , 1667.25 , 3053.0
1137000 , 1698.15 , 3058.0
1138000 , 1836.55 , 2658.0
1139000 , 2040.55 , 3054.0
1140000 , 1707.75 , 3056.0
1141000 , 2149.65 , 3057.0
1142000 , 2034.3 , 3054.0
1143000 , 1471.8 , 3056.0
1144000 , 1459.85 , 3043.0
1145000 , 1075.1 , 3055.0
1146000 , 1604.7 , 3064.0
1147000 , 1213.95 , 3058.0
1148000 , 1164.6 , 2634.0
1149000 , 1547.85 , 3045.0
1150000 , 1421.75 , 3060.0
1151000 , 1621.45 , 3058.0
1152000 , 1541.0 , 3056.0
1153000 , 1802.65 , 3062.0
1154000 , 1874.65 , 3066.0
1155000 , 1832.7 , 3051.0
1156000 , 2096.05 , 3061.0
1157000 , 1883.55 , 3064.0
1158000 , 2157.25 , 3052.0
1159000 , 1956.75 , 3061.0
1160000 , 1923.5 , 3052.0
1161000 , 1290.6 , 3060.0
1162000 , 1533.0 , 3054.0
1163000 , 1277.25 , 3050.0
1164000 , 1776.1 , 3062.0
1165000 , 1424.9 , 3046.0
1166000 , 1374.2 , 3065.0
1167000 , 1962.25 , 3056.0
1168000 , 1549.75 , 3052.0
1169000 , 1831.95 , 3057.0
1170000 , 1913.6 , 3033.0
1171000 , 1362.55 , 3061.0
1172000 , 1824.75 , 3065.0
1173000 , 1728.5 , 3052.0
1174000 , 1569.45 , 3061.0
1175000 , 1728.1 , 3057.0
1176000 , 1565.75 , 3059.0
1177000 , 2005.35 , 3059.0
1178000 , 1690.4 , 3057.0
1179000 , 1581.85 , 3055.0
1180000 , 1126.4 , 1928.0
1181000 , 1451.4 , 3046.0
1182000 , 1236.6 , 3059.0
1183000 , 1220.7 , 3061.0
1184000 , 728.85 , 2656.0
1185000 , 678.95 , 1052.0
1186000 , 1356.35 , 3059.0
1187000 , 1069.5 , 3057.0
1188000 , 1453.55 , 3061.0
1189000 , 1847.45 , 3063.0
1190000 , 1761.9 , 3056.0
1191000 , 1806.1 , 3055.0
1192000 , 1933.85 , 3066.0
1193000 , 1915.25 , 3058.0
1194000 , 1137.8 , 3045.0
1195000 , 1520.2 , 3042.0
1196000 , 1625.15 , 3046.0
1197000 , 1928.85 , 3067.0
1198000 , 1891.55 , 3064.0
1199000 , 1910.2 , 3060.0
1200000 , 2051.4 , 3064.0
1201000 , 2003.25 , 3060.0
1202000 , 1837.9 , 3064.0
1203000 , 1704.8 , 3056.0
1204000 , 1903.85 , 3054.0
1205000 , 1633.7 , 3060.0
1206000 , 910.65 , 2368.0
1207000 , 830.65 , 1928.0
1208000 , 1199.5 , 2969.0
1209000 , 1400.65 , 3054.0
1210000 , 1505.3 , 3059.0
1211000 , 1433.05 , 3055.0
1212000 , 1499.7 , 3048.0
1213000 , 1251.35 , 3050.0
1214000 , 1944.9 , 3058.0
1215000 , 1704.65 , 3050.0
1216000 , 1598.4 , 3055.0
1217000 , 1154.8 , 3054.0
1218000 , 1624.45 , 3051.0
1219000 , 1773.0 , 3055.0
1220000 , 1625.8 , 3041.0
1221000 , 1574.85 , 3044.0
1222000 , 1522.85 , 2378.0
1223000 , 1580.85 , 3053.0
1224000 , 1570.7 , 3059.0
1225000 , 2093.1 , 3063.0
1226000 , 1593.65 , 2648.0
1227000 , 2006.75 , 3060.0
1228000 , 1995.65 , 3059.0
1229000 , 1916.7 , 3062.0
1230000 , 1412.4 , 3053.0
1231000 , 1482.95 , 3048.0
1232000 , 1319.2 , 3061.0
1233000 , 1264.25 , 3064.0
1234000 , 1427.9 , 3059.0
1235000 , 1395.85 , 3059.0
1236000 , 1486.7 , 3052.0
1237000 , 1597.25 , 3062.0
1238000 , 1670.2 , 3058.0
1239000 , 1616.2 , 3057.0
1240000 , 1387.3 , 2643.0
1241000 , 1394.15 , 3060.0
1242000 , 1356.15 , 3056.0
1243000 , 1405.85 , 3047.0
1244000 , 1264.9 , 2376.0
1245000 , 1209.95 , 3042.0
1246000 , 1548.6 , 3064.0
1247000 , 1528.75 , 3060.0
1248000 , 1363.5 , 3040.0
1249000 , 1582.9 , 3065.0
1250000 , 1621.5 , 3066.0
1251000 , 1491.15 , 3059.0
1252000 , 1747.2 , 3064.0
1253000 , 1265.5 , 2368.0
1254000 , 1418.95 , 3055.0
1255000 , 1509.0 , 3059.0
1256000 , 1490.25 , 3063.0
1257000 , 1432.5 , 3055.0
1258000 , 1981.3 , 3068.0
1259000 , 2128.2 , 3064.0
1260000 , 1726.7 , 3061.0
1261000 , 1562.95 , 3065.0
1262000 , 1721.25 , 3060.0
1263000 , 1689.85 , 3046.0
1264000 , 1540.9 , 3058.0
1265000 , 1072.85 , 2376.0
1266000 , 1476.45 , 2374.0
1267000 , 1823.35 , 3060.0
1268000 , 1596.65 , 3056.0
1269000 , 1507.0 , 3063.0
1270000 , 1999.35 , 3064.0
1271000 , 2076.1 , 3063.0
1272000 , 1493.65 , 3065.0
1273000 , 1568.55 , 3053.0
1274000 , 1603.45 , 3053.0
1275000 , 1661.4 , 3055.0
1276000 , 1304.9 , 1928.0
1277000 , 1104.95 , 2368.0
1278000 , 1639.65 , 3054.0
1279000 , 1645.8 , 3061.0
1280000 , 1670.65 , 3053.0
1281000 , 1335.1 , 3058.0
1282000 , 1189.55 , 3049.0
1283000 , 1418.65 , 3068.0
1284000 , 1130.9 , 3060.0
1285000 , 1315.4 , 3039.0
1286000 , 1430.85 , 3055.0
1287000 , 989.45 , 1852.0
1288000 , 1259.25 , 3054.0
1289000 , 1432.7 , 3060.0
1290000 , 1673.8 , 3062.0
1291000 , 1238.1 , 3048.0
1292000 , 1147.95 , 3053.0
1293000 , 975.8 , 2304.0
1294000 , 1011.05 , 3021.0
1295000 , 838.55 , 1928.0
1296000 , 733.5 , 820.0
1297000 , 839.25 , 3056.0
1298000 , 1130.75 , 3052.0
1299000 , 879.45 , 1935.0
1300000 , 1460.8 , 3065.0
1301000 , 1473.1 , 3055.0
1302000 , 1314.1 , 2369.0
1303000 , 1249.4 , 2651.0
1304000 , 1197.7 , 2661.0
1305000 , 1033.7 , 3063.0
1306000 , 1444.05 , 3066.0
1307000 , 1548.45 , 3062.0
1308000 , 1747.9 , 3063.0
1309000 , 1422.0 , 3054.0
1310000 , 1641.25 , 3069.0
1311000 , 1627.3 , 3062.0
1312000 , 1362.4 , 2370.0
1313000 , 1826.55 , 3058.0
1314000 , 1859.25 , 3060.0
1315000 , 1968.95 , 3058.0
1316000 , 1614.15 , 3059.0
1317000 , 1589.3 , 3061.0
1318000 , 1352.55 , 3047.0
1319000 , 975.55 , 2379.0
1320000 , 1377.4 , 3050.0
1321000 , 1499.95 , 3064.0
1322000 , 1833.25 , 3059.0
1323000 , 1789.15 , 3058.0
1324000 , 1715.05 , 3044.0
1325000 , 1573.3 , 3057.0
1326000 , 1130.6 , 3054.0
1327000 , 1731.8 , 3037.0
1328000 , 1499.3 , 3063.0
1329000 , 1774.85 , 3063.0
1330000 , 1433.6 , 3055.0
1331000 , 1395.8 , 3059.0
1332000 , 1423.95 , 3048.0
1333000 , 1506.75 , 3057.0
1334000 , 1483.8 , 2371.0
1335000 , 1667.15 , 3052.0
1336000 , 1881.75 , 3075.0
1337000 , 1434.95 , 3060.0
1338000 , 2011.2 , 3064.0
1339000 , 1295.95 , 3058.0
1340000 , 1803.05 , 3062.0
1341000 , 1866.85 , 3059.0
1342000 , 1834.65 , 3062.0
1343000 , 1809.05 , 3059.0
1344000 , 1387.85 , 3059.0
1345000 , 1571.45 , 3051.0
1346000 , 1568.05 , 3055.0
1347000 , 2152.45 , 3068.0
1348000 , 2085.35 , 3061.0
1349000 , 1970.8 , 3071.0
1350000 , 1685.2 , 3072.0
1351000 , 1639.35 , 3041.0
1352000 , 1818.35 , 3069.0
1353000 , 1712.5 , 3065.0
1354000 , 1647.5 , 3047.0
1355000 , 1647.8 , 3065.0
1356000 , 1686.55 , 3049.0
1357000 , 1546.05 , 3057.0
1358000 , 1713.4 , 3061.0
1359000 , 1710.9 , 3055.0
1360000 , 1382.9 , 3052.0
1361000 , 1655.6 , 3059.0
1362000 , 1865.25 , 3059.0
1363000 , 1645.15 , 3065.0
1364000 , 1981.8 , 3063.0
1365000 , 1951.6 , 3064.0
1366000 , 1809.8 , 3068.0
1367000 , 1834.1 , 3067.0
1368000 , 1961.6 , 3063.0
1369000 , 1762.0 , 3062.0
1370000 , 1708.85 , 3068.0
1371000 , 1353.2 , 3058.0
1372000 , 2207.5 , 3067.0
1373000 , 1687.35 , 3062.0
1374000 , 1533.5 , 3067.0
1375000 , 1837.3 , 3076.0
1376000 , 1867.7 , 3065.0
1377000 , 1850.6 , 3057.0
1378000 , 2254.8 , 3064.0
1379000 , 2092.3 , 3064.0
1380000 , 2228.95 , 3059.0
1381000 , 1666.15 , 3058.0
1382000 , 1487.55 , 3066.0
1383000 , 1799.5 , 3063.0
1384000 , 1324.5 , 3030.0
1385000 , 1406.25 , 3065.0
1386000 , 1849.15 , 3072.0
1387000 , 1465.95 , 3062.0
1388000 , 1867.25 , 3067.0
1389000 , 1473.05 , 3073.0
1390000 , 1652.55 , 3067.0
1391000 , 2227.15 , 3067.0
1392000 , 2032.05 , 3055.0
1393000 , 1889.05 , 3062.0
1394000 , 2066.45 , 3069.0
1395000 , 2224.1 , 3059.0
1396000 , 2366.6 , 3069.0
1397000 , 2137.05 , 3067.0
1398000 , 1865.95 , 3062.0
1399000 , 1799.05 , 3070.0
1400000 , 2480.3 , 3066.0
1401000 , 2490.85 , 3068.0
1402000 , 2082.4 , 3063.0
1403000 , 1927.6 , 3062.0
1404000 , 1998.1 , 3068.0
1405000 , 1582.15 , 3053.0
1406000 , 2050.4 , 3065.0
1407000 , 2283.2 , 3061.0
1408000 , 1917.95 , 3072.0
1409000 , 1691.25 , 3062.0
1410000 , 1843.25 , 3062.0
1411000 , 1573.5 , 3050.0
1412000 , 1945.45 , 3060.0
1413000 , 1699.6 , 3061.0
1414000 , 2149.2 , 3059.0
1415000 , 1623.4 , 3041.0
1416000 , 1515.85 , 3053.0
1417000 , 2045.05 , 3064.0
1418000 , 2113.7 , 3077.0
1419000 , 2164.65 , 3067.0
1420000 , 1833.85 , 3058.0
1421000 , 2337.8 , 3066.0
1422000 , 2342.1 , 3064.0
1423000 , 2161.9 , 3060.0
1424000 , 1672.3 , 3060.0
1425000 , 1819.7 , 3058.0
1426000 , 2384.65 , 3070.0
1427000 , 1846.15 , 3065.0
1428000 , 1719.9 , 3057.0
1429000 , 2340.75 , 3060.0
1430000 , 2272.1 , 3060.0
1431000 , 2278.95 , 3066.0
1432000 , 2154.8 , 3064.0
1433000 , 1876.55 , 3073.0
1434000 , 2309.55 , 3069.0
1435000 , 2373.3 , 3067.0
1436000 , 1762.0 , 3067.0
1437000 , 1662.85 , 3072.0
1438000 , 1399.45 , 3062.0
1439000 , 1974.3 , 3065.0
1440000 , 2114.3 , 3062.0
1441000 , 1773.95 , 3066.0
1442000 , 1562.65 , 3062.0
1443000 , 1958.4 , 3063.0
1444000 , 2108.45 , 3063.0
1445000 , 1881.85 , 3063.0
1446000 , 1383.0 , 3072.0
1447000 , 1239.6 , 3066.0
1448000 , 1535.2 , 3067.0
1449000 , 2034.45 , 3061.0
1450000 , 1667.95 , 3067.0
1451000 , 1726.15 , 3066.0
1452000 , 1750.0 , 3068.0
1453000 , 1084.2 , 2649.0
1454000 , 1152.35 , 3065.0
1455000 , 1678.05 , 3065.0
1456000 , 1428.2 , 3063.0
1457000 , 1665.25 , 3058.0
1458000 , 1500.65 , 3064.0
1459000 , 2011.65 , 3064.0
1460000 , 1585.75 , 3073.0
1461000 , 1476.15 , 3061.0
1462000 , 1817.85 , 3053.0
1463000 , 1457.35 , 3063.0
1464000 , 1938.75 , 3049.0
1465000 , 1761.9 , 3065.0
1466000 , 2001.5 , 3068.0
1467000 , 1749.4 , 3065.0
1468000 , 1724.3 , 3063.0
1469000 , 1553.5 , 2379.0
1470000 , 1760.45 , 3065.0
1471000 , 1834.15 , 3057.0
1472000 , 1873.4 , 3059.0
1473000 , 2070.05 , 3066.0
1474000 , 2268.6 , 3069.0
1475000 , 1784.0 , 3061.0
1476000 , 1450.0 , 3058.0
1477000 , 1928.2 , 3065.0
1478000 , 2236.1 , 3062.0
1479000 , 1897.5 , 3071.0
1480000 , 2257.8 , 3066.0
1481000 , 1655.85 , 3066.0
1482000 , 1667.35 , 3065.0
1483000 , 1938.6 , 3075.0
1484000 , 1763.0 , 3066.0
1485000 , 1928.9 , 3064.0
1486000 , 1886.9 , 3074.0
1487000 , 2006.6 , 3066.0
1488000 , 1274.9 , 3061.0
1489000 , 2218.8 , 3071.0
1490000 , 1314.9 , 3069.0
1491000 , 1701.3 , 3069.0
1492000 , 2281.3 , 3071.0
1493000 , 2503.85 , 3061.0
1494000 , 2537.9 , 3069.0
1495000 , 1774.95 , 3063.0
1496000 , 1928.6 , 3070.0
1497000 , 2413.25 , 3065.0
1498000 , 2063.9 , 3066.0
1499000 , 1844.6 , 3062.0
1500000 , 2053.15 , 3072.0
1501000 , 1987.5 , 3066.0
1502000 , 2031.25 , 3067.0
1503000 , 1572.5 , 3063.0
1504000 , 1762.6 , 3064.0
1505000 , 1488.25 , 3064.0
1506000 , 1854.45 , 3069.0
1507000 , 1146.55 , 3052.0
1508000 , 1766.8 , 3052.0
1509000 , 2003.35 , 3065.0
1510000 , 1981.45 , 3063.0
1511000 , 1891.05 , 3063.0
1512000 , 1580.8 , 3056.0
1513000 , 1682.05 , 3059.0
1514000 , 1883.2 , 3067.0
1515000 , 956.55 , 3063.0
1516000 , 1312.7 , 3058.0
1517000 , 1617.65 , 3046.0
1518000 , 1488.7 , 3058.0
1519000 , 1641.3 , 3068.0
1520000 , 1288.25 , 3057.0
1521000 , 1617.45 , 3061.0
1522000 , 1924.55 , 3070.0
1523000 , 1802.95 , 3057.0
1524000 , 1826.75 , 3058.0
1525000 , 1654.0 , 3068.0
1526000 , 1729.95 , 3072.0
1527000 , 1815.4 , 3056.0
1528000 , 1938.1 , 3068.0
1529000 , 2375.95 , 3060.0
1530000 , 2415.8 , 3066.0
1531000 , 1972.05 , 3068.0
1532000 , 2238.65 , 3065.0
1533000 , 2638.5 , 3069.0
1534000 , 2106.7 , 3067.0
1535000 , 1877.45 , 3067.0
1536000 , 2222.8 , 3065.0
1537000 , 1794.05 , 3068.0
1538000 , 2055.15 , 3061.0
1539000 , 1905.15 , 3062.0
1540000 , 2669.55 , 3064.0
1541000 , 2215.7 , 3066.0
1542000 , 2260.6 , 3067.0
1543000 , 2235.6 , 3070.0
1544000 , 2166.4 , 3067.0
1545000 , 2107.95 , 3064.0
1546000 , 2244.5 , 3064.0
1547000 , 1631.9 , 3063.0
1548000 , 2429.4 , 3064.0
1549000 , 1989.05 , 3064.0
1550000 , 2252.3 , 3061.0
1551000 , 2191.75 , 3057.0
1552000 , 2359.75 , 3063.0
1553000 , 2376.6 , 3070.0
1554000 , 1637.7 , 3062.0
1555000 , 1812.3 , 3059.0
1556000 , 2102.6 , 3060.0
1557000 , 1775.45 , 3058.0
1558000 , 2133.85 , 3066.0
1559000 , 1889.65 , 3060.0
1560000 , 2173.1 , 3062.0
1561000 , 2074.3 , 3058.0
1562000 , 2523.3 , 3064.0
1563000 , 2015.0 , 3061.0
1564000 , 2161.15 , 3064.0
1565000 , 1443.6 , 3060.0
1566000 , 1781.35 , 3061.0
1567000 , 1879.05 , 3064.0
1568000 , 1806.95 , 3063.0
1569000 , 1386.2 , 3053.0
1570000 , 1711.2 , 3063.0
1571000 , 2175.95 , 3067.0
1572000 , 2412.0 , 3067.0
1573000 , 1780.35 , 3063.0
1574000 , 2141.7 , 3070.0
1575000 , 1601.0 , 3062.0
1576000 , 1361.3 , 3069.0
1577000 , 2225.65 , 3061.0
1578000 , 1793.3 , 3065.0
1579000 , 1359.05 , 3064.0
1580000 , 1699.2 , 3054.0
1581000 , 2165.05 , 3067.0
1582000 , 1263.2 , 3061.0
1583000 , 1127.25 , 3052.0
1584000 , 1911.0 , 3067.0
1585000 , 2030.1 , 3059.0
1586000 , 1859.65 , 3069.0
1587000 , 2351.55 , 3069.0
1588000 , 2246.35 , 3061.0
1589000 , 1857.15 , 3069.0
1590000 , 2040.6 , 3068.0
1591000 , 2017.85 , 3066.0
1592000 , 1843.8 , 3068.0
1593000 , 2137.45 , 3066.0
1594000 , 2399.5 , 3067.0
1595000 , 1753.1 , 3055.0
1596000 , 1805.35 , 3064.0
1597000 , 2452.0 , 3064.0
1598000 , 2201.25 , 3069.0
1599000 , 1791.55 , 3069.0
1600000 , 1753.6 , 3057.0
1601000 , 1821.95 , 3059.0
1602000 , 2223.6 , 3065.0
1603000 , 2263.5 , 3071.0
1604000 , 1911.85 , 3070.0
1605000 , 1609.05 , 3070.0
1606000 , 2145.65 , 3070.0
1607000 , 2308.65 , 3069.0
1608000 , 1629.15 , 3063.0
1609000 , 1632.9 , 3073.0
1610000 , 2045.5 , 3069.0
1611000 , 2137.15 , 3062.0
1612000 , 1941.85 , 3066.0
1613000 , 1838.45 , 3065.0
1614000 , 2088.8 , 3069.0
1615000 , 2056.3 , 3064.0
1616000 , 1826.05 , 3065.0
1617000 , 2030.5 , 3071.0
1618000 , 2174.45 , 3067.0
1619000 , 2161.35 , 3067.0
1620000 , 1600.65 , 3072.0
1621000 , 1949.5 , 3073.0
1622000 , 2845.8 , 3072.0
1623000 , 1482.2 , 3071.0
1624000 , 1614.2 , 3070.0
1625000 , 1656.2 , 3068.0
1626000 , 1892.05 , 3064.0
1627000 , 1710.2 , 3068.0
1628000 , 2125.75 , 3069.0
1629000 , 1984.65 , 3057.0
1630000 , 1804.95 , 3072.0
1631000 , 1574.2 , 3064.0
1632000 , 1820.05 , 3060.0
1633000 , 2502.3 , 3074.0
1634000 , 1953.6 , 3062.0
1635000 , 2162.25 , 3065.0
1636000 , 2220.9 , 3069.0
1637000 , 2081.55 , 3068.0
1638000 , 2179.5 , 3066.0
1639000 , 2100.65 , 3065.0
1640000 , 1774.4 , 3065.0
1641000 , 1790.2 , 3069.0
1642000 , 2030.3 , 3070.0
1643000 , 1957.35 , 3068.0
1644000 , 1991.05 , 3070.0
1645000 , 2044.8 , 3065.0
1646000 , 2367.7 , 3065.0
1647000 , 2169.65 , 3064.0
1648000 , 2142.85 , 3071.0
1649000 , 1617.85 , 3063.0
1650000 , 1378.8 , 3070.0
1651000 , 1644.65 , 3064.0
1652000 , 1924.35 , 3060.0
1653000 , 1788.85 , 3060.0
1654000 , 1625.15 , 3062.0
1655000 , 1893.0 , 3068.0
1656000 , 1666.45 , 3065.0
1657000 , 1778.85 , 3064.0
1658000 , 1762.15 , 3070.0
1659000 , 2181.25 , 3064.0
1660000 , 2201.1 , 3066.0
1661000 , 1844.7 , 3061.0
1662000 , 1754.65 , 3063.0
1663000 , 1725.3 , 3057.0
1664000 , 1727.55 , 3063.0
1665000 , 2064.15 , 3055.0
1666000 , 2174.15 , 3065.0
1667000 , 2077.05 , 3064.0
1668000 , 1854.7 , 3065.0
1669000 , 2066.5 , 3068.0
1670000 , 1843.4 , 3069.0
1671000 , 2028.75 , 3063.0
1672000 , 2025.65 , 3069.0
1673000 , 1948.1 , 3066.0
1674000 , 2495.65 , 3068.0
1675000 , 1909.0 , 3067.0
1676000 , 2000.4 , 3065.0
1677000 , 2400.25 , 3069.0
1678000 , 2226.1 , 3068.0
1679000 , 2368.5 , 3064.0
1680000 , 2174.05 , 3066.0
1681000 , 2214.25 , 3065.0
1682000 , 2211.8 , 3067.0
1683000 , 2364.45 , 3068.0
1684000 , 2359.45 , 3066.0
1685000 , 2075.8 , 3064.0
1686000 , 2447.6 , 3067.0
1687000 , 1946.8 , 3071.0
1688000 , 1817.95 , 3066.0
1689000 , 2109.8 , 3067.0
1690000 , 2394.55 , 3073.0
1691000 , 2223.8 , 3066.0
1692000 , 2073.3 , 3065.0
1693000 , 1918.7 , 3061.0
1694000 , 1736.55 , 3065.0
1695000 , 1708.75 , 3057.0
1696000 , 1566.4 , 3071.0
1697000 , 1815.4 , 3065.0
1698000 , 1841.4 , 3068.0
1699000 , 1664.6 , 3064.0
1700000 , 1744.85 , 3065.0
1701000 , 1830.95 , 3058.0
1702000 , 2135.6 , 3067.0
1703000 , 2265.95 , 3067.0
1704000 , 1209.85 , 3061.0
1705000 , 1733.85 , 3068.0
1706000 , 2095.35 , 3068.0
1707000 , 1915.0 , 3066.0
1708000 , 2006.45 , 3066.0
1709000 , 2034.6 , 3064.0
1710000 , 1825.45 , 3066.0
1711000 , 1769.5 , 3070.0
1712000 , 1363.9 , 3066.0
1713000 , 2018.9 , 3071.0
1714000 , 2158.35 , 3065.0
1715000 , 1994.2 , 3063.0
1716000 , 1488.7 , 3042.0
1717000 , 1370.2 , 2665.0
1718000 , 1903.9 , 3071.0
1719000 , 1849.1 , 3063.0
1720000 , 2294.85 , 3057.0
1721000 , 1507.3 , 3053.0
1722000 , 1734.1 , 3060.0
1723000 , 1610.1 , 3062.0
1724000 , 1640.45 , 3062.0
1725000 , 1528.75 , 3059.0
1726000 , 1833.9 , 3063.0
1727000 , 1589.25 , 3060.0
1728000 , 2175.65 , 3063.0
1729000 , 1638.75 , 2659.0
1730000 , 1860.2 , 3059.0
1731000 , 1845.45 , 3065.0
1732000 , 2010.75 , 3066.0
1733000 , 2076.45 , 3072.0
1734000 , 1889.2 , 3070.0
1735000 , 1482.3 , 3068.0
1736000 , 1552.75 , 3060.0
1737000 , 1741.85 , 3056.0
1738000 , 1753.65 , 3060.0
1739000 , 1952.0 , 3060.0
1740000 , 1596.35 , 3064.0
1741000 , 1491.45 , 3067.0
1742000 , 1996.35 , 3065.0
1743000 , 1451.1 , 3056.0
1744000 , 2051.2 , 3067.0
1745000 , 1590.8 , 3060.0
1746000 , 1835.35 , 3066.0
1747000 , 2171.35 , 3068.0
1748000 , 2350.2 , 3072.0
1749000 , 2303.9 , 3077.0
1750000 , 1723.1 , 3065.0
1751000 , 1497.25 , 3065.0
1752000 , 2118.55 , 3068.0
1753000 , 2602.05 , 3072.0
1754000 , 1869.25 , 3060.0
1755000 , 2457.85 , 3068.0
1756000 , 2262.6 , 3067.0
1757000 , 1804.2 , 3063.0
1758000 , 1669.1 , 3069.0
1759000 , 1768.4 , 3073.0
1760000 , 2089.15 , 3066.0
1761000 , 1969.95 , 3064.0
1762000 , 1803.05 , 3067.0
1763000 , 1899.15 , 3069.0
1764000 , 2261.7 , 3073.0
1765000 , 2192.35 , 3061.0
1766000 , 2244.25 , 3065.0
1767000 , 2707.4 , 3067.0
1768000 , 2530.35 , 3070.0
1769000 , 1603.15 , 3075.0
1770000 , 2208.6 , 3072.0
1771000 , 1420.5 , 3066.0
1772000 , 1283.55 , 3054.0
1773000 , 1901.8 , 3066.0
1774000 , 2123.7 , 3068.0
1775000 , 1361.8 , 3065.0
1776000 , 1731.8 , 3065.0
1777000 , 1867.0 , 3062.0
1778000 , 1872.45 , 3060.0
1779000 , 2088.25 , 3064.0
1780000 , 1608.05 , 3071.0
1781000 , 1585.85 , 3067.0
1782000 , 1945.3 , 3070.0
1783000 , 1985.05 , 3071.0
1784000 , 1844.7 , 3069.0
1785000 , 1852.5 , 3064.0
1786000 , 2333.95 , 3069.0
1787000 , 2346.35 , 3069.0
1788000 , 1920.85 , 3072.0
1789000 , 2422.9 , 3072.0
1790000 , 2038.25 , 3067.0
1791000 , 1608.65 , 3062.0
1792000 , 1652.9 , 3067.0
1793000 , 2043.8 , 3066.0
1794000 , 1988.8 , 3069.0
1795000 , 1270.15 , 3067.0
1796000 , 2098.45 , 3068.0
1797000 , 1803.7 , 3073.0
1798000 , 1733.0 , 3066.0
1799000 , 1945.1 , 3071.0
1800000 , 1916.8 , 3070.0
1801000 , 1685.05 , 3069.0
1802000 , 1721.25 , 3072.0
1803000 , 1669.8 , 3065.0
1804000 , 1733.35 , 3066.0
1805000 , 1633.95 , 3062.0
1806000 , 1551.05 , 3061.0
1807000 , 1765.55 , 3063.0
1808000 , 1727.15 , 3065.0
1809000 , 1496.9 , 3064.0
1810000 , 1740.25 , 3070.0
1811000 , 1700.4 , 3066.0
1812000 , 1533.3 , 3058.0
1813000 , 2215.55 , 3066.0
1814000 , 1780.65 , 3061.0
1815000 , 1811.05 , 3066.0
1816000 , 1495.15 , 3053.0
1817000 , 1982.75 , 3061.0
1818000 , 1791.6 , 3059.0
1819000 , 1798.7 , 3062.0
1820000 , 1811.55 , 3068.0
1821000 , 1748.55 , 3057.0
1822000 , 1831.05 , 3068.0
1823000 , 1862.05 , 3069.0
1824000 , 1774.4 , 3056.0
1825000 , 1970.1 , 3064.0
1826000 , 2033.2 , 3064.0
1827000 , 2413.5 , 3059.0
1828000 , 2002.1 , 3068.0
1829000 , 2164.3 , 3068.0
1830000 , 2168.45 , 3064.0
1831000 , 2057.95 , 3065.0
1832000 , 1787.55 , 3072.0
1833000 , 1748.15 , 3067.0
1834000 , 1802.2 , 3059.0
1835000 , 2046.05 , 3065.0
1836000 , 1665.5 , 3064.0
1837000 , 1746.1 , 3067.0
1838000 , 1371.95 , 3068.0
1839000 , 1321.7 , 3064.0
1840000 , 1595.25 , 3068.0
1841000 , 1504.1 , 3064.0
1842000 , 1870.15 , 3063.0
1843000 , 1871.0 , 3070.0
1844000 , 1910.45 , 3058.0
1845000 , 1360.2 , 3062.0
1846000 , 2100.1 , 3066.0
1847000 , 1814.8 , 3064.0
1848000 , 2026.65 , 3065.0
1849000 , 1686.1 , 3063.0
1850000 , 1421.2 , 3062.0
1851000 , 2071.0 , 3068.0
1852000 , 1428.35 , 3067.0
1853000 , 1739.05 , 3064.0
1854000 , 1580.0 , 3066.0
1855000 , 1288.2 , 3068.0
1856000 , 1179.9 , 2363.0
1857000 , 1560.1 , 3055.0
1858000 , 1903.75 , 3062.0
1859000 , 2485.1 , 3066.0
1860000 , 1960.85 , 3063.0
1861000 , 1370.1 , 3052.0
1862000 , 1855.25 , 3062.0
1863000 , 2484.35 , 3066.0
1864000 , 2225.4 , 3060.0
1865000 , 2040.15 , 3065.0
1866000 , 2368.05 , 3063.0
1867000 , 1937.2 , 3064.0
1868000 , 1830.5 , 3056.0
1869000 , 2076.8 , 3059.0
1870000 , 2018.9 , 3060.0
1871000 , 1760.8 , 3065.0
1872000 , 2115.0 , 3065.0
1873000 , 1985.1 , 3065.0
1874000 , 2520.15 , 3066.0
1875000 , 2189.8 , 3067.0
1876000 , 1907.0 , 3066.0
1877000 , 1919.1 , 3062.0
1878000 , 2133.9 , 3068.0
1879000 , 2366.45 , 3067.0
1880000 , 1928.8 , 3063.0
1881000 , 1389.8 , 3055.0
1882000 , 1769.75 , 3050.0
1883000 , 1605.2 , 3062.0
1884000 , 1419.45 , 3069.0
1885000 , 1752.95 , 3070.0
1886000 , 1720.25 , 3062.0
1887000 , 1864.0 , 3061.0
1888000 , 2093.85 , 3071.0
1889000 , 1588.55 , 3066.0
1890000 , 2139.2 , 3071.0
1891000 , 1712.25 , 3071.0
1892000 , 1821.3 , 3061.0
1893000 , 1913.45 , 3065.0
1894000 , 1844.25 , 3064.0
1895000 , 1951.2 , 3062.0
1896000 , 1902.75 , 3063.0
1897000 , 1948.15 , 3062.0
1898000 , 2061.05 , 3056.0
1899000 , 1742.2 , 3066.0
1900000 , 2264.45 , 3065.0
1901000 , 1407.05 , 3068.0
1902000 , 1368.9 , 3060.0
1903000 , 1504.45 , 3057.0
1904000 , 1978.95 , 3062.0
1905000 , 2057.55 , 3068.0
1906000 , 2083.95 , 3066.0
1907000 , 1828.55 , 3062.0
1908000 , 1614.75 , 3056.0
1909000 , 2295.25 , 3065.0
1910000 , 2380.15 , 3062.0
1911000 , 2592.55 , 3071.0
1912000 , 2230.45 , 3068.0
1913000 , 1873.65 , 3061.0
1914000 , 2093.35 , 3065.0
1915000 , 1985.75 , 3068.0
1916000 , 1875.55 , 3063.0
1917000 , 2331.5 , 3065.0
1918000 , 2170.9 , 3070.0
1919000 , 2696.0 , 3063.0
1920000 , 2361.2 , 3069.0
1921000 , 2488.8 , 3072.0
1922000 , 2077.55 , 3070.0
1923000 , 2472.25 , 3069.0
1924000 , 2026.75 , 3070.0
1925000 , 1971.1 , 3071.0
1926000 , 2194.65 , 3069.0
1927000 , 2123.25 , 3065.0
1928000 , 2035.85 , 3069.0
1929000 , 2202.3 , 3068.0
1930000 , 1975.75 , 3061.0
1931000 , 1475.3 , 3056.0
1932000 , 1676.2 , 3067.0
1933000 , 1576.2 , 3071.0
1934000 , 2331.95 , 3075.0
1935000 , 2154.5 , 3069.0
1936000 , 1933.1 , 3068.0
1937000 , 1339.2 , 3058.0
1938000 , 2094.85 , 3069.0
1939000 , 1605.8 , 3064.0
1940000 , 1923.5 , 3069.0
1941000 , 2167.55 , 3071.0
1942000 , 2078.6 , 3072.0
1943000 , 2087.05 , 3067.0
1944000 , 2164.15 , 3067.0
1945000 , 1996.8 , 3072.0
1946000 , 1778.0 , 3067.0
1947000 , 1737.45 , 3070.0
1948000 , 2084.75 , 3064.0
1949000 , 2241.0 , 3072.0
1950000 , 1903.85 , 3062.0
1951000 , 1934.65 , 3064.0
1952000 , 1791.4 , 3060.0
1953000 , 1914.35 , 3070.0
1954000 , 1804.2 , 3069.0
1955000 , 1862.25 , 3064.0
1956000 , 1867.85 , 3062.0
1957000 , 1870.5 , 3066.0
1958000 , 2263.75 , 3063.0
1959000 , 2094.1 , 3062.0
1960000 , 2162.8 , 3066.0
1961000 , 2117.8 , 3066.0
1962000 , 2136.5 , 3066.0
1963000 , 2252.7 , 3066.0
1964000 , 2358.45 , 3065.0
1965000 , 2045.1 , 3064.0
1966000 , 1716.0 , 3072.0
1967000 , 1863.8 , 3068.0
1968000 , 2291.05 , 3065.0
1969000 , 1810.6 , 3060.0
1970000 , 1585.35 , 3063.0
1971000 , 1976.2 , 3068.0
1972000 , 1897.15 , 3066.0
1973000 , 2519.4 , 3068.0
1974000 , 2249.35 , 3062.0
1975000 , 2000.6 , 3063.0
1976000 , 2068.7 , 3062.0
1977000 , 1946.7 , 3052.0
1978000 , 1991.15 , 3062.0
1979000 , 2334.45 , 3064.0
1980000 , 2654.55 , 3065.0
1981000 , 2304.05 , 3069.0
1982000 , 2240.3 , 3062.0
1983000 , 2279.8 , 3065.0
1984000 , 2263.1 , 3067.0
1985000 , 2289.1 , 3069.0
1986000 , 1841.9 , 3063.0
1987000 , 2363.0 , 3068.0
1988000 , 1845.75 , 3069.0
1989000 , 2186.4 , 3062.0
1990000 , 2206.1 , 3070.0
1991000 , 1906.75 , 3065.0
1992000 , 2110.95 , 3060.0
1993000 , 2354.25 , 3066.0
1994000 , 2598.7 , 3062.0
1995000 , 2117.3 , 3063.0
1996000 , 2301.95 , 3068.0
1997000 , 2323.6 , 3069.0
1998000 , 2289.0 , 3067.0
1999000 , 2306.05 , 3069.0
2000000 , 2160.4 , 3065.0
2001000 , 2046.15 , 3059.0
2002000 , 2418.65 , 3064.0
2003000 , 2044.15 , 3069.0
2004000 , 1406.05 , 3067.0
2005000 , 2140.3 , 3064.0
2006000 , 1939.0 , 3061.0
2007000 , 2226.15 , 3065.0
2008000 , 1938.55 , 3067.0
2009000 , 1752.3 , 3064.0
2010000 , 2417.55 , 3062.0
2011000 , 1894.0 , 3072.0
2012000 , 2158.4 , 3063.0
2013000 , 1773.0 , 3060.0
2014000 , 2005.45 , 3069.0
2015000 , 2123.1 , 3068.0
2016000 , 1792.6 , 3071.0
2017000 , 1935.45 , 3066.0
2018000 , 2340.15 , 3065.0
2019000 , 2049.55 , 3068.0
2020000 , 1914.4 , 3063.0
2021000 , 2031.8 , 3068.0
2022000 , 2150.85 , 3064.0
2023000 , 1804.15 , 3062.0
2024000 , 1979.85 , 3069.0
2025000 , 2667.45 , 3062.0
2026000 , 2124.45 , 3066.0
2027000 , 2456.55 , 3066.0
2028000 , 2436.1 , 3067.0
2029000 , 2425.1 , 3066.0
2030000 , 2487.6 , 3064.0
2031000 , 2665.8 , 3066.0
2032000 , 1966.85 , 3067.0
2033000 , 2297.35 , 3064.0
2034000 , 2680.05 , 3068.0
2035000 , 2392.6 , 3065.0
2036000 , 1970.85 , 3068.0
2037000 , 2173.35 , 3064.0
2038000 , 2052.65 , 3062.0
2039000 , 2660.3 , 3063.0
2040000 , 2234.0 , 3060.0
2041000 , 2043.75 , 3068.0
2042000 , 1807.4 , 3065.0
2043000 , 1986.15 , 3066.0
2044000 , 2403.4 , 3064.0
2045000 , 2185.1 , 3069.0
2046000 , 2215.1 , 3060.0
2047000 , 2708.8 , 3063.0
2048000 , 1876.35 , 3071.0
2049000 , 2247.6 , 3069.0
2050000 , 2218.05 , 3067.0
2051000 , 2427.55 , 3063.0
2052000 , 2698.1 , 3064.0
2053000 , 2555.15 , 3070.0
2054000 , 2247.35 , 3068.0
2055000 , 2158.75 , 3068.0
2056000 , 2092.3 , 3070.0
2057000 , 2635.8 , 3065.0
2058000 , 2384.5 , 3072.0
2059000 , 2129.65 , 3069.0
2060000 , 2595.0 , 3066.0
2061000 , 1989.6 , 3067.0
2062000 , 2203.4 , 3067.0
2063000 , 2527.15 , 3057.0
2064000 , 2192.95 , 3072.0
2065000 , 2330.55 , 3071.0
2066000 , 1939.05 , 3069.0
2067000 , 2322.7 , 3071.0
2068000 , 2061.85 , 3064.0
2069000 , 1759.0 , 3068.0
2070000 , 1707.9 , 3067.0
2071000 , 2269.8 , 3067.0
2072000 , 1965.15 , 3066.0
2073000 , 2503.2 , 3069.0
2074000 , 2347.3 , 3068.0
2075000 , 2253.65 , 3069.0
2076000 , 2361.45 , 3067.0
2077000 , 2493.85 , 3072.0
2078000 , 2470.15 , 3066.0
2079000 , 1944.85 , 3066.0
2080000 , 2310.65 , 3071.0
2081000 , 2062.35 , 3072.0
2082000 , 2328.4 , 3071.0
2083000 , 2385.8 , 3072.0
2084000 , 2237.85 , 3069.0
2085000 , 2263.0 , 3067.0
2086000 , 1487.15 , 3064.0
2087000 , 1990.3 , 3072.0
2088000 , 1931.1 , 3069.0
2089000 , 2285.2 , 3065.0
2090000 , 2103.1 , 3066.0
2091000 , 2333.65 , 3075.0
2092000 , 2043.35 , 3073.0
2093000 , 1728.75 , 3066.0
2094000 , 2277.9 , 3065.0
2095000 , 2141.1 , 3067.0
2096000 , 1723.4 , 3064.0
2097000 , 2130.95 , 3074.0
2098000 , 2116.85 , 3063.0
2099000 , 2086.7 , 3064.0
2100000 , 2258.85 , 3069.0
2101000 , 2295.55 , 3064.0
2102000 , 1862.3 , 3075.0
2103000 , 2178.0 , 3073.0
2104000 , 2137.7 , 3069.0
2105000 , 1884.7 , 3070.0
2106000 , 2663.6 , 3066.0
2107000 , 1934.35 , 3068.0
2108000 , 2010.7 , 3064.0
2109000 , 1589.85 , 3061.0
2110000 , 1978.3 , 3068.0
2111000 , 1717.95 , 3064.0
2112000 , 1403.95 , 3057.0
2113000 , 1753.15 , 3065.0
2114000 , 1939.2 , 3062.0
2115000 , 1704.0 , 3069.0
2116000 , 1936.2 , 3064.0
2117000 , 1835.15 , 3070.0
2118000 , 1964.9 , 3065.0
2119000 , 1578.8 , 3058.0
2120000 , 2141.05 , 3079.0
2121000 , 1866.95 , 3071.0
2122000 , 2004.45 , 3066.0
2123000 , 1951.0 , 3068.0
2124000 , 1794.9 , 3059.0
2125000 , 1876.55 , 3059.0
2126000 , 2225.0 , 3067.0
2127000 , 1926.35 , 3069.0
2128000 , 1846.25 , 3064.0
2129000 , 2116.9 , 3067.0
2130000 , 2282.0 , 3069.0
2131000 , 2261.35 , 3065.0
2132000 , 2122.15 , 3070.0
2133000 , 2269.15 , 3068.0
2134000 , 2179.75 , 3071.0
2135000 , 2657.65 , 3069.0
2136000 , 1969.75 , 3074.0
2137000 , 2021.5 , 3073.0
2138000 , 2134.9 , 3057.0
2139000 , 2073.2 , 3064.0
2140000 , 2228.9 , 3065.0
2141000 , 2082.2 , 3068.0
2142000 , 1698.35 , 3068.0
2143000 , 2440.85 , 3067.0
2144000 , 2671.05 , 3069.0
2145000 , 2089.2 , 3073.0
2146000 , 2231.3 , 3073.0
2147000 , 2091.45 , 3075.0
2148000 , 2408.55 , 3064.0
2149000 , 2303.3 , 3069.0
2150000 , 2000.8 , 3066.0
2151000 , 2200.75 , 3063.0
2152000 , 2370.65 , 3065.0
2153000 , 2332.75 , 3067.0
2154000 , 1879.95 , 3067.0
2155000 , 1958.35 , 3068.0
2156000 , 1984.7 , 3068.0
2157000 , 2306.25 , 3068.0
2158000 , 2151.55 , 3069.0
2159000 , 2198.55 , 3071.0
2160000 , 2364.8 , 3068.0
2161000 , 2489.7 , 3071.0
2162000 , 2381.5 , 3066.0
2163000 , 2467.35 , 3064.0
2164000 , 2214.15 , 3067.0
2165000 , 2386.55 , 3062.0
2166000 , 2182.35 , 3062.0
2167000 , 1728.45 , 3064.0
2168000 , 1759.8 , 3065.0
2169000 , 1995.6 , 3064.0
2170000 , 1797.25 , 3064.0
2171000 , 1948.55 , 3064.0
2172000 , 1734.2 , 3067.0
2173000 , 1926.95 , 3061.0
2174000 , 1839.85 , 3067.0
2175000 , 1805.65 , 3065.0
2176000 , 1910.85 , 3068.0
2177000 , 1912.95 , 3066.0
2178000 , 2476.05 , 3071.0
2179000 , 1730.5 , 3068.0
2180000 , 2601.75 , 3063.0
2181000 , 1935.95 , 3060.0
2182000 , 2298.2 , 3064.0
2183000 , 1946.55 , 3069.0
2184000 , 2056.9 , 3063.0
2185000 , 1978.4 , 3061.0
2186000 , 1608.05 , 3075.0
2187000 , 2311.55 , 3065.0
2188000 , 2274.05 , 3064.0
2189000 , 2193.0 , 3063.0
2190000 , 1769.35 , 3074.0
2191000 , 2318.0 , 3069.0
2192000 , 2551.9 , 3071.0
2193000 , 1370.45 , 3066.0
2194000 , 2047.9 , 3069.0
2195000 , 2050.75 , 3067.0
2196000 , 2320.55 , 3073.0
2197000 , 1784.05 , 3067.0
2198000 , 2176.2 , 3065.0
2199000 , 1999.45 , 3061.0
2200000 , 1918.5 , 3064.0
2201000 , 2463.8 , 3066.0
2202000 , 1955.45 , 3057.0
2203000 , 2509.75 , 3068.0
2204000 , 1731.0 , 3070.0
2205000 , 2350.95 , 3064.0
2206000 , 1975.85 , 3068.0
2207000 , 2246.1 , 3069.0
2208000 , 1515.65 , 3051.0
2209000 , 1919.65 , 3059.0
2210000 , 2025.35 , 3066.0
2211000 , 2264.55 , 3069.0
2212000 , 2071.5 , 3065.0
2213000 , 2121.4 , 3070.0
2214000 , 2157.95 , 3061.0
2215000 , 2577.5 , 3068.0
2216000 , 1975.55 , 3066.0
2217000 , 2159.2 , 3071.0
2218000 , 2227.8 , 3063.0
2219000 , 1924.35 , 3071.0
2220000 , 1557.8 , 3065.0
2221000 , 1730.25 , 3071.0
2222000 , 1788.6 , 3065.0
2223000 , 2289.7 , 3067.0
2224000 , 2512.0 , 3071.0
2225000 , 2079.7 , 3063.0
2226000 , 2172.0 , 3072.0
2227000 , 2179.2 , 3069.0
2228000 , 2083.1 , 3061.0
2229000 , 1675.1 , 3057.0
2230000 , 1769.95 , 3067.0
2231000 , 1940.4 , 3067.0
2232000 , 2197.1 , 3064.0
2233000 , 1827.65 , 3062.0
2234000 , 2374.15 , 3069.0
2235000 , 2458.7 , 3063.0
2236000 , 2402.5 , 3062.0
2237000 , 2265.0 , 3066.0
2238000 , 2243.05 , 3066.0
2239000 , 2222.15 , 3060.0
2240000 , 1995.6 , 3065.0
2241000 , 2130.65 , 3067.0
2242000 , 2411.45 , 3067.0
2243000 , 2252.4 , 3063.0
2244000 , 1607.45 , 3068.0
2245000 , 2045.2 , 3066.0
2246000 , 2373.6 , 3065.0
2247000 , 2258.95 , 3066.0
2248000 , 1953.7 , 3070.0
2249000 , 2356.7 , 3064.0
2250000 , 2258.45 , 3068.0
2251000 , 2434.2 , 3068.0
2252000 , 1977.85 , 3070.0
2253000 , 1942.3 , 3061.0
2254000 , 2341.2 , 3067.0
2255000 , 1991.75 , 3076.0
2256000 , 2345.65 , 3068.0
2257000 , 2122.2 , 3067.0
2258000 , 2048.95 , 3067.0
2259000 , 1806.85 , 3066.0
2260000 , 1931.55 , 3068.0
2261000 , 2014.8 , 3069.0
2262000 , 2178.2 , 3066.0
2263000 , 2181.8 , 3064.0
2264000 , 2052.25 , 3065.0
2265000 , 2017.5 , 3052.0
2266000 , 2023.3 , 3067.0
2267000 , 1765.3 , 3070.0
2268000 , 2044.05 , 3069.0
2269000 , 2507.6 , 3069.0
2270000 , 2192.55 , 3069.0
2271000 , 2744.1 , 3066.0
2272000 , 2142.7 , 3065.0
2273000 , 1778.45 , 3068.0
2274000 , 1801.8 , 3069.0
2275000 , 1916.35 , 3070.0
2276000 , 2348.9 , 3074.0
2277000 , 2306.05 , 3072.0
2278000 , 1953.0 , 3070.0
2279000 , 2182.05 , 3063.0
2280000 , 2265.35 , 3064.0
2281000 , 2019.7 , 3063.0
2282000 , 2247.75 , 3063.0
2283000 , 1901.45 , 3064.0
2284000 , 2605.75 , 3065.0
2285000 , 1873.2 , 3067.0
2286000 , 2246.1 , 3067.0
2287000 , 2447.95 , 3069.0
2288000 , 2484.8 , 3065.0
2289000 , 1766.2 , 3075.0
2290000 , 2034.3 , 3069.0
2291000 , 1982.05 , 3064.0
2292000 , 2127.35 , 3073.0
2293000 , 1797.4 , 3068.0
2294000 , 2183.05 , 3067.0
2295000 , 1968.7 , 3067.0
2296000 , 2136.75 , 3064.0
2297000 , 1838.65 , 3072.0
2298000 , 1750.0 , 3069.0
2299000 , 1876.7 , 3067.0
2300000 , 1989.45 , 3070.0
2301000 , 2044.25 , 3071.0
2302000 , 1851.95 , 3071.0
2303000 , 2087.1 , 3066.0
2304000 , 2280.85 , 3069.0
2305000 , 2664.35 , 3070.0
2306000 , 1981.1 , 3066.0
2307000 , 2344.6 , 3068.0
2308000 , 2552.05 , 3066.0
2309000 , 2058.95 , 3058.0
2310000 , 2090.8 , 3067.0
2311000 , 2318.75 , 3069.0
2312000 , 2186.7 , 3063.0
2313000 , 2204.05 , 3063.0
2314000 , 2074.1 , 3053.0
2315000 , 1815.7 , 3064.0
2316000 , 2717.7 , 3064.0
2317000 , 2108.15 , 3063.0
2318000 , 2331.75 , 3063.0
2319000 , 2354.85 , 3061.0
2320000 , 2398.65 , 3063.0
2321000 , 2315.35 , 3065.0
2322000 , 2103.8 , 3068.0
2323000 , 1789.7 , 3062.0
2324000 , 1579.3 , 3069.0
2325000 , 2289.05 , 3062.0
2326000 , 1965.75 , 3071.0
2327000 , 1652.85 , 3062.0
2328000 , 1857.85 , 3080.0
2329000 , 2221.45 , 3058.0
2330000 , 1909.6 , 3062.0
2331000 , 2104.15 , 3065.0
2332000 , 1990.45 , 3066.0
2333000 , 2175.3 , 3063.0
2334000 , 2091.7 , 3070.0
2335000 , 1511.25 , 3061.0
2336000 , 2281.7 , 3065.0
2337000 , 2271.7 , 3068.0
2338000 , 2473.75 , 3064.0
2339000 , 2269.7 , 3059.0
2340000 , 2256.7 , 3052.0
2341000 , 2361.25 , 3065.0
2342000 , 2347.65 , 3068.0
2343000 , 2297.95 , 3066.0
2344000 , 2592.6 , 3060.0
2345000 , 2168.8 , 3066.0
2346000 , 1644.1 , 3060.0
2347000 , 2177.3 , 3065.0
2348000 , 2319.7 , 3064.0
2349000 , 2210.2 , 3068.0
2350000 , 2106.15 , 3068.0
2351000 , 1799.3 , 3069.0
2352000 , 2430.65 , 3066.0
2353000 , 2153.6 , 3073.0
2354000 , 1415.0 , 3073.0
2355000 , 2081.95 , 3070.0
2356000 , 2175.75 , 3067.0
2357000 , 1977.95 , 3057.0
2358000 , 2653.9 , 3066.0
2359000 , 2354.35 , 3065.0
2360000 , 2538.7 , 3069.0
2361000 , 2373.45 , 3069.0
2362000 , 1892.95 , 3067.0
2363000 , 2138.2 , 3061.0
2364000 , 2131.35 , 3060.0
2365000 , 1986.95 , 3062.0
2366000 , 1904.75 , 3068.0
2367000 , 1968.15 , 3058.0
2368000 , 1574.35 , 3060.0
2369000 , 2041.7 , 3064.0
2370000 , 1960.9 , 3077.0
2371000 , 2299.05 , 3068.0
2372000 , 2180.75 , 3062.0
2373000 , 2454.2 , 3066.0
2374000 , 1977.55 , 3063.0
2375000 , 2311.95 , 3068.0
2376000 , 2069.95 , 3074.0
2377000 , 1978.9 , 3069.0
2378000 , 2323.4 , 3067.0
2379000 , 1830.1 , 3066.0
2380000 , 1315.45 , 3064.0
2381000 , 2286.75 , 3063.0
2382000 , 1608.8 , 3064.0
2383000 , 1872.2 , 3071.0
2384000 , 2275.45 , 3064.0
2385000 , 2156.85 , 3069.0
2386000 , 1681.75 , 3072.0
2387000 , 1733.75 , 3072.0
2388000 , 1789.85 , 3071.0
2389000 , 2038.35 , 3071.0
2390000 , 2089.35 , 3069.0
2391000 , 1928.5 , 3073.0
2392000 , 2252.45 , 3066.0
2393000 , 1881.7 , 3069.0
2394000 , 1710.8 , 3070.0
2395000 , 2133.9 , 3074.0
2396000 , 2135.6 , 3063.0
2397000 , 1793.1 , 3068.0
2398000 , 1859.0 , 3068.0
2399000 , 2090.25 , 3069.0
2400000 , 2018.05 , 3067.0
2401000 , 1497.0 , 3062.0
2402000 , 2441.4 , 3064.0
2403000 , 1885.3 , 3068.0
2404000 , 1778.4 , 3063.0
2405000 , 1969.8 , 3063.0
2406000 , 2040.85 , 3070.0
2407000 , 2260.1 , 3069.0
2408000 , 2083.75 , 3069.0
2409000 , 2234.85 , 3065.0
2410000 , 2337.05 , 3071.0
2411000 , 1836.65 , 3063.0
2412000 , 1867.1 , 3058.0
2413000 , 1808.15 , 3065.0
2414000 , 2414.05 , 3066.0
2415000 , 2082.15 , 3058.0
2416000 , 2254.6 , 3066.0
2417000 , 2056.0 , 3067.0
2418000 , 1932.9 , 3065.0
2419000 , 1980.0 , 3071.0
2420000 , 2324.65 , 3074.0
2421000 , 2626.7 , 3063.0
2422000 , 1547.6 , 3069.0
2423000 , 1997.8 , 3070.0
2424000 , 2293.8 , 3068.0
2425000 , 2066.65 , 3072.0
2426000 , 2191.95 , 3069.0
2427000 , 2495.2 , 3065.0
2428000 , 2587.55 , 3066.0
2429000 , 1930.25 , 3066.0
2430000 , 2424.5 , 3067.0
2431000 , 1889.15 , 3068.0
2432000 , 2234.2 , 3069.0
2433000 , 2090.05 , 3072.0
2434000 , 2473.3 , 3072.0
2435000 , 2001.05 , 3067.0
2436000 , 2486.3 , 3066.0
2437000 , 2425.0 , 3068.0
2438000 , 2625.3 , 3069.0
2439000 , 2440.9 , 3069.0
2440000 , 2382.15 , 3069.0
2441000 , 2165.5 , 3069.0
2442000 , 2351.9 , 3064.0
2443000 , 2180.2 , 3071.0
2444000 , 2046.3 , 3067.0
2445000 , 1892.7 , 3067.0
2446000 , 2268.5 , 3066.0
2447000 , 1976.9 , 3065.0
2448000 , 1824.4 , 3072.0
2449000 , 2535.15 , 3069.0
2450000 , 2447.3 , 3068.0
2451000 , 2107.65 , 3067.0
2452000 , 2488.85 , 3067.0
2453000 , 1811.65 , 3067.0
2454000 , 2061.4 , 3063.0
2455000 , 2141.15 , 3064.0
2456000 , 1905.35 , 3061.0
2457000 , 1744.6 , 3070.0
2458000 , 2090.2 , 3059.0
2459000 , 1478.2 , 3066.0
2460000 , 1484.5 , 3064.0
2461000 , 1304.5 , 3064.0
2462000 , 1600.4 , 3072.0
2463000 , 1747.4 , 3067.0
2464000 , 1977.35 , 3067.0
2465000 , 1714.8 , 3066.0
2466000 , 1508.85 , 3066.0
2467000 , 1832.55 , 3063.0
2468000 , 1845.35 , 3071.0
2469000 , 1717.4 , 3062.0
2470000 , 1520.1 , 3063.0
2471000 , 1794.85 , 3068.0
2472000 , 1795.1 , 3066.0
2473000 , 2148.15 , 3068.0
2474000 , 2011.95 , 3068.0
2475000 , 2045.95 , 3067.0
2476000 , 2021.4 , 3069.0
2477000 , 2211.35 , 3072.0
2478000 , 2328.45 , 3061.0
2479000 , 1910.7 , 3075.0
2480000 , 2027.0 , 3075.0
2481000 , 2356.75 , 3069.0
2482000 , 2507.5 , 3062.0
2483000 , 2313.6 , 3065.0
2484000 , 1609.5 , 3063.0
2485000 , 1322.35 , 3070.0
2486000 , 1832.5 , 3063.0
2487000 , 2301.3 , 3069.0
2488000 , 2067.75 , 3061.0
2489000 , 2031.2 , 3077.0
2490000 , 2111.0 , 3071.0
2491000 , 2133.2 , 3069.0
2492000 , 1930.35 , 3066.0
2493000 , 2245.55 , 3061.0
2494000 , 1971.0 , 3064.0
2495000 , 1910.5 , 3061.0
2496000 , 2223.8 , 3071.0
2497000 , 2064.85 , 3067.0
2498000 , 1792.3 , 3061.0
2499000 , 2001.4 , 3073.0
2500000 , 2153.6 , 3069.0
2501000 , 1692.4 , 3063.0
2502000 , 2243.3 , 3067.0
2503000 , 2308.95 , 3066.0
2504000 , 2124.55 , 3067.0
2505000 , 2109.5 , 3069.0
2506000 , 1863.85 , 3062.0
2507000 , 2064.5 , 3061.0
2508000 , 1459.4 , 3054.0
2509000 , 1951.65 , 3069.0
2510000 , 2507.7 , 3074.0
2511000 , 1872.85 , 3064.0
2512000 , 2017.4 , 3059.0
2513000 , 2131.35 , 3055.0
2514000 , 1757.65 , 3065.0
2515000 , 2029.7 , 3069.0
2516000 , 2009.1 , 3060.0
2517000 , 2112.95 , 3065.0
2518000 , 2178.65 , 3062.0
2519000 , 2275.3 , 3074.0
2520000 , 2157.35 , 3062.0
2521000 , 2220.8 , 3070.0
2522000 , 2218.5 , 3071.0
2523000 , 2172.5 , 3063.0
2524000 , 1905.05 , 3064.0
2525000 , 1894.6 , 3073.0
2526000 , 2320.2 , 3065.0
2527000 , 2249.95 , 3061.0
2528000 , 2021.7 , 3067.0
2529000 , 2123.6 , 3066.0
2530000 , 1853.9 , 3058.0
2531000 , 2274.15 , 3063.0
2532000 , 1870.35 , 3064.0
2533000 , 1948.25 , 3068.0
2534000 , 1974.35 , 3064.0
2535000 , 1498.45 , 3059.0
2536000 , 2202.75 , 3062.0
2537000 , 2065.3 , 3062.0
2538000 , 2424.45 , 3065.0
2539000 , 2691.5 , 3062.0
2540000 , 1943.8 , 3068.0
2541000 , 2210.4 , 3068.0
2542000 , 2086.5 , 3067.0
2543000 , 2219.4 , 3067.0
2544000 , 2109.5 , 3068.0
2545000 , 1558.3 , 3071.0
2546000 , 2010.65 , 3066.0
2547000 , 2130.15 , 3065.0
2548000 , 2190.25 , 3064.0
2549000 , 2314.2 , 3066.0
2550000 , 2139.3 , 3064.0
2551000 , 2205.95 , 3062.0
2552000 , 1601.9 , 3066.0
2553000 , 1852.7 , 3070.0
2554000 , 2208.15 , 3066.0
2555000 , 2491.0 , 3058.0
2556000 , 2139.05 , 3072.0
2557000 , 1704.2 , 3066.0
2558000 , 1608.95 , 3073.0
2559000 , 1842.5 , 3065.0
2560000 , 2147.5 , 3069.0
2561000 , 2252.15 , 3066.0
2562000 , 2214.45 , 3066.0
2563000 , 2547.0 , 3067.0
2564000 , 2051.0 , 3065.0
2565000 , 2317.65 , 3074.0
2566000 , 2276.9 , 3070.0
2567000 , 2085.15 , 3068.0
2568000 , 1679.95 , 3062.0
2569000 , 2056.5 , 3064.0
2570000 , 1986.0 , 3063.0
2571000 , 2011.0 , 3068.0
2572000 , 2152.0 , 3066.0
2573000 , 2153.4 , 3070.0
2574000 , 1976.25 , 3069.0
2575000 , 1562.75 , 3064.0
2576000 , 1702.45 , 3065.0
2577000 , 1444.1 , 3057.0
2578000 , 1736.55 , 3071.0
2579000 , 1645.6 , 3064.0
2580000 , 2057.9 , 3052.0
2581000 , 1856.3 , 3059.0
2582000 , 2205.9 , 3061.0
2583000 , 2076.0 , 3065.0
2584000 , 2183.5 , 3067.0
2585000 , 2066.5 , 3061.0
2586000 , 2353.2 , 3064.0
2587000 , 1827.8 , 3059.0
2588000 , 1614.65 , 3068.0
2589000 , 2130.9 , 3075.0
2590000 , 2299.35 , 3064.0
2591000 , 2092.65 , 3065.0
2592000 , 1981.15 , 3062.0
2593000 , 1880.35 , 3057.0
2594000 , 1989.75 , 3056.0
2595000 , 1713.85 , 3069.0
2596000 , 1747.1 , 3060.0
2597000 , 1466.55 , 3069.0
2598000 , 1879.9 , 3063.0
2599000 , 1724.5 , 3066.0
2600000 , 1921.35 , 3062.0
2601000 , 2075.95 , 3057.0
2602000 , 1839.2 , 3069.0
2603000 , 2019.25 , 3058.0
2604000 , 1559.9 , 3063.0
2605000 , 1780.4 , 3069.0
2606000 , 1750.9 , 3065.0
2607000 , 2367.2 , 3068.0
2608000 , 1904.25 , 3064.0
2609000 , 1752.85 , 3057.0
2610000 , 2281.7 , 3063.0
2611000 , 2076.1 , 3065.0
2612000 , 1961.25 , 3055.0
2613000 , 2026.1 , 3067.0
2614000 , 1688.05 , 3064.0
2615000 , 2195.75 , 3065.0
2616000 , 1915.3 , 3064.0
2617000 , 1901.75 , 3057.0
2618000 , 1835.3 , 3067.0
2619000 , 2388.55 , 3062.0
2620000 , 1775.05 , 3061.0
2621000 , 2220.5 , 3069.0
